139623220187161
1
139623220187161
1
139623220187161
1
139623220187161
1
139623220187161
1
139623220187161
1
139623220187161
1
139623220187161
1
139623220187161
1
139623220187161
1
139623220187161
1
139623220187161
1
139623220187161
1
139623220187161
1
139623220187161
1
139623220187161
1
139623220187161
1
139623220187161
1
139623220187161
1
139623220187161
1
139623220187161
1
139623220187161
1
139623220187161
1
139623220187161
1
139623220187161
1
139623220187161
1
139623220187161
1
139623220187161
1
139623220187161
1
139623220187161
1
139623220187161
1
139623220187161
1
139623220187161
1
139623220187161
1
139623220187161
1
139623220187161
1
139623220187161
1
139623220187161
1
139623220187161
1
139623220187161
1
139623220187161
1
139623220187161
1
139623220187161
1
139623220187161
1
139623220187161
0
139623220331653
0
139623220331684
0
139623220331705
1
139623220331684
0
139623220331705
1
139623220331684
0
139623220331705
1
139623220331684
0
139623220331705
1
139623220331684
0
139623220331705
1
139623220331684
0
139623220331705
1
139623220331684
0
139623220331705
1
139623220331684
0
139623220331705
1
139623220331684
0
139623220331705
1
139623220331684
0
139623220331705
1
139623220331684
0
139623220331705
1
139623220331684
0
139623220331705
1
139623220331684
0
139623220331705
1
139623220331684
0
139623220331705
1
139623220331684
0
139623220331705
1
139623220331684
0
139623220331705
1
139623220331684
0
139623220331705
1
139623220331684
0
139623220331705
1
139623220331684
0
139623220331705
1
139623220331684
0
139623220331705
1
139623220331684
0
139623220331705
1
139623220331684
0
139623220331705
0
139623220331959
1
139623220325416
0
139623220325475
0
139623220325488
0
139623220325504
0
139623220325512
0
139623220325550
0
139623220325555
1
139623220325550
0
139623220325555
1
139623220325550
0
139623220325555
1
139623220325550
0
139623220325555
1
139623220325550
0
139623220325555
0
139623220325559
0
139623220325613
1
139623220325586
1
139623220325656
1
139623220325686
0
139623220325691
1
139623220325666
1
139623220325656
1
139623220325686
0
139623220325691
1
139623220325666
1
139623220325656
1
139623220325686
0
139623220325691
1
139623220325666
1
139623220325656
1
139623220325686
0
139623220325691
1
139623220325666
1
139623220325656
1
139623220325686
0
139623220325691
1
139623220325666
1
139623220325656
1
139623220325686
0
139623220325691
1
139623220325666
1
139623220325656
1
139623220325686
0
139623220325691
1
139623220325666
1
139623220325656
1
139623220325686
0
139623220325691
1
139623220325666
1
139623220325656
1
139623220325686
0
139623220325691
1
139623220325666
0
139623220325475
0
139623220325488
0
139623220325504
0
139623220325512
0
139623220325550
0
139623220325555
1
139623220325550
0
139623220325555
1
139623220325550
0
139623220325555
1
139623220325550
0
139623220325555
1
139623220325550
0
139623220325555
1
139623220325550
0
139623220325555
1
139623220325550
0
139623220325555
1
139623220325550
0
139623220325555
1
139623220325550
0
139623220325555
1
139623220325550
0
139623220325555
1
139623220325550
0
139623220325555
1
139623220325550
0
139623220325555
1
139623220325550
0
139623220325555
1
139623220325550
0
139623220325555
1
139623220325550
0
139623220325555
1
139623220325550
0
139623220325555
1
139623220325550
0
139623220325555
1
139623220325550
0
139623220325555
1
139623220325550
0
139623220325555
1
139623220325550
0
139623220325555
0
139623220325559
0
139623220325613
1
139623220325586
1
139623220325656
1
139623220325686
0
139623220325691
1
139623220325666
1
139623220325656
1
139623220325686
0
139623220325691
1
139623220325666
1
139623220325656
1
139623220325686
0
139623220325691
1
139623220325666
1
139623220325656
1
139623220325686
0
139623220325691
1
139623220325666
1
139623220325656
1
139623220325686
0
139623220325691
1
139623220325666
1
139623220325656
1
139623220325686
0
139623220325691
1
139623220325666
1
139623220325656
1
139623220325686
0
139623220325691
1
139623220325666
1
139623220325656
1
139623220325686
0
139623220325691
1
139623220325666
1
139623220325656
1
139623220325686
0
139623220325691
1
139623220325666
0
139623220325475
0
139623220325488
0
139623220325504
0
139623220325512
0
139623220325550
0
139623220325555
1
139623220325550
0
139623220325555
1
139623220325550
0
139623220325555
1
139623220325550
0
139623220325555
1
139623220325550
0
139623220325555
1
139623220325550
0
139623220325555
1
139623220325550
0
139623220325555
1
139623220325550
0
139623220325555
0
139623220325559
0
139623220325613
1
139623220325586
1
139623220325656
1
139623220325686
0
139623220325691
1
139623220325666
1
139623220325656
1
139623220325686
0
139623220325691
1
139623220325666
1
139623220325656
1
139623220325686
0
139623220325691
1
139623220325666
1
139623220325656
1
139623220325686
0
139623220325691
1
139623220325666
1
139623220325656
1
139623220325686
0
139623220325691
1
139623220325666
1
139623220325656
1
139623220325686
0
139623220325691
1
139623220325666
1
139623220325656
1
139623220325686
0
139623220325691
1
139623220325666
1
139623220325656
1
139623220325686
0
139623220325691
1
139623220325666
1
139623220325656
1
139623220325686
0
139623220325691
1
139623220325666
0
139623220325475
0
139623220325488
0
139623220325504
0
139623220325512
0
139623220325550
0
139623220325555
1
139623220325550
0
139623220325555
1
139623220325550
0
139623220325555
1
139623220325550
0
139623220325555
1
139623220325550
0
139623220325555
1
139623220325550
0
139623220325555
1
139623220325550
0
139623220325555
1
139623220325550
0
139623220325555
1
139623220325550
0
139623220325555
1
139623220325550
0
139623220325555
1
139623220325550
0
139623220325555
1
139623220325550
0
139623220325555
1
139623220325550
0
139623220325555
1
139623220325550
0
139623220325555
1
139623220325550
0
139623220325555
1
139623220325550
0
139623220325555
1
139623220325550
0
139623220325555
1
139623220325550
0
139623220325555
1
139623220325550
0
139623220325555
0
139623220325559
0
139623220325613
1
139623220325586
1
139623220325656
1
139623220325686
0
139623220325691
1
139623220325666
1
139623220325656
1
139623220325686
0
139623220325691
1
139623220325666
1
139623220325656
1
139623220325686
0
139623220325691
1
139623220325666
1
139623220325656
1
139623220325686
0
139623220325691
1
139623220325666
1
139623220325656
1
139623220325686
0
139623220325691
1
139623220325666
1
139623220325656
1
139623220325686
0
139623220325691
1
139623220325666
1
139623220325656
1
139623220325686
0
139623220325691
1
139623220325666
1
139623220325656
1
139623220325686
0
139623220325691
1
139623220325666
1
139623220325656
1
139623220325686
0
139623220325691
1
139623220325666
0
139623220325475
0
139623220325488
0
139623220325504
0
139623220325512
0
139623220325550
0
139623220325555
1
139623220325550
0
139623220325555
1
139623220325550
0
139623220325555
1
139623220325550
0
139623220325555
1
139623220325550
0
139623220325555
1
139623220325550
0
139623220325555
1
139623220325550
0
139623220325555
1
139623220325550
0
139623220325555
1
139623220325550
0
139623220325555
0
139623220325559
0
139623220325613
1
139623220325586
1
139623220325656
1
139623220325686
0
139623220325691
1
139623220325666
1
139623220325656
1
139623220325686
0
139623220325691
1
139623220325666
1
139623220325656
1
139623220325686
0
139623220325691
1
139623220325666
1
139623220325656
1
139623220325686
0
139623220325691
1
139623220325666
1
139623220325656
1
139623220325686
0
139623220325691
1
139623220325666
1
139623220325656
1
139623220325686
0
139623220325691
1
139623220325666
1
139623220325656
1
139623220325686
0
139623220325691
1
139623220325666
1
139623220325656
1
139623220325686
0
139623220325691
1
139623220325666
1
139623220325656
1
139623220325686
0
139623220325691
1
139623220325666
0
139623220325475
0
139623220325488
0
139623220325504
0
139623220325512
0
139623220325550
0
139623220325555
1
139623220325550
0
139623220325555
1
139623220325550
0
139623220325555
1
139623220325550
0
139623220325555
1
139623220325550
0
139623220325555
1
139623220325550
0
139623220325555
1
139623220325550
0
139623220325555
1
139623220325550
0
139623220325555
0
139623220325559
0
139623220325613
1
139623220325586
1
139623220325656
1
139623220325686
0
139623220325691
0
139623220325707
1
139623220325686
0
139623220325691
1
139623220325666
1
139623220325656
1
139623220325686
0
139623220325691
1
139623220325666
1
139623220325656
1
139623220325686
0
139623220325691
1
139623220325666
1
139623220325656
1
139623220325686
0
139623220325691
1
139623220325666
1
139623220325656
1
139623220325686
0
139623220325691
1
139623220325666
1
139623220325656
1
139623220325686
0
139623220325691
1
139623220325666
1
139623220325656
1
139623220325686
0
139623220325691
1
139623220325666
1
139623220325656
1
139623220325686
0
139623220325691
1
139623220325666
1
139623220325656
1
139623220325686
0
139623220325691
1
139623220325666
0
139623220325475
0
139623220325488
0
139623220325504
0
139623220325512
0
139623220325550
0
139623220325555
1
139623220325550
0
139623220325555
1
139623220325550
0
139623220325555
1
139623220325550
0
139623220325555
1
139623220325550
0
139623220325555
1
139623220325550
0
139623220325555
0
139623220325559
0
139623220325613
1
139623220325586
1
139623220325656
1
139623220325686
0
139623220325691
1
139623220325666
1
139623220325656
1
139623220325686
0
139623220325691
1
139623220325666
1
139623220325656
1
139623220325686
0
139623220325691
1
139623220325666
1
139623220325656
1
139623220325686
0
139623220325691
1
139623220325666
1
139623220325656
1
139623220325686
0
139623220325691
1
139623220325666
1
139623220325656
1
139623220325686
0
139623220325691
1
139623220325666
1
139623220325656
1
139623220325686
0
139623220325691
1
139623220325666
1
139623220325656
1
139623220325686
0
139623220325691
1
139623220325666
1
139623220325656
1
139623220325686
0
139623220325691
1
139623220325666
0
139623220325475
0
139623220325488
0
139623220325504
0
139623220325512
0
139623220325550
0
139623220325555
1
139623220325550
0
139623220325555
1
139623220325550
0
139623220325555
1
139623220325550
0
139623220325555
1
139623220325550
0
139623220325555
1
139623220325550
0
139623220325555
1
139623220325550
0
139623220325555
1
139623220325550
0
139623220325555
1
139623220325550
0
139623220325555
1
139623220325550
0
139623220325555
1
139623220325550
0
139623220325555
1
139623220325550
0
139623220325555
1
139623220325550
0
139623220325555
1
139623220325550
0
139623220325555
1
139623220325550
0
139623220325555
1
139623220325550
0
139623220325555
0
139623220325559
0
139623220325613
1
139623220325586
1
139623220325656
1
139623220325686
0
139623220325691
1
139623220325666
1
139623220325656
1
139623220325686
0
139623220325691
1
139623220325666
1
139623220325656
1
139623220325686
0
139623220325691
1
139623220325666
1
139623220325656
1
139623220325686
0
139623220325691
1
139623220325666
1
139623220325656
1
139623220325686
0
139623220325691
1
139623220325666
1
139623220325656
1
139623220325686
0
139623220325691
1
139623220325666
1
139623220325656
1
139623220325686
0
139623220325691
1
139623220325666
1
139623220325656
1
139623220325686
0
139623220325691
1
139623220325666
1
139623220325656
1
139623220325686
0
139623220325691
1
139623220325666
0
139623220325475
0
139623220325488
0
139623220325504
0
139623220325512
0
139623220325550
0
139623220325555
1
139623220325550
0
139623220325555
1
139623220325550
0
139623220325555
1
139623220325550
0
139623220325555
1
139623220325550
0
139623220325555
1
139623220325550
0
139623220325555
1
139623220325550
0
139623220325555
1
139623220325550
0
139623220325555
1
139623220325550
0
139623220325555
1
139623220325550
0
139623220325555
1
139623220325550
0
139623220325555
0
139623220325559
0
139623220325613
1
139623220325586
0
139623220325602
0
139623220325613
1
139623220325586
1
139623220325656
1
139623220325686
0
139623220325691
1
139623220325666
1
139623220325656
1
139623220325686
0
139623220325691
1
139623220325666
1
139623220325656
1
139623220325686
0
139623220325691
1
139623220325666
1
139623220325656
1
139623220325686
0
139623220325691
1
139623220325666
1
139623220325656
1
139623220325686
0
139623220325691
1
139623220325666
1
139623220325656
1
139623220325686
0
139623220325691
1
139623220325666
1
139623220325656
1
139623220325686
0
139623220325691
1
139623220325666
1
139623220325656
1
139623220325686
0
139623220325691
1
139623220325666
1
139623220325656
1
139623220325686
0
139623220325691
1
139623220325666
0
139623220325475
0
139623220325488
0
139623220325504
0
139623220325512
0
139623220325550
0
139623220325555
1
139623220325550
0
139623220325555
1
139623220325550
0
139623220325555
1
139623220325550
0
139623220325555
1
139623220325550
0
139623220325555
1
139623220325550
0
139623220325555
1
139623220325550
0
139623220325555
1
139623220325550
0
139623220325555
0
139623220325559
0
139623220325613
1
139623220325586
1
139623220325656
1
139623220325686
0
139623220325691
1
139623220325666
1
139623220325656
1
139623220325686
0
139623220325691
1
139623220325666
1
139623220325656
1
139623220325686
0
139623220325691
1
139623220325666
1
139623220325656
1
139623220325686
0
139623220325691
1
139623220325666
1
139623220325656
1
139623220325686
0
139623220325691
1
139623220325666
1
139623220325656
1
139623220325686
0
139623220325691
1
139623220325666
1
139623220325656
1
139623220325686
0
139623220325691
1
139623220325666
1
139623220325656
1
139623220325686
0
139623220325691
1
139623220325666
1
139623220325656
1
139623220325686
0
139623220325691
1
139623220325666
0
139623220325475
0
139623220325488
0
139623220325504
0
139623220325512
0
139623220325550
0
139623220325555
1
139623220325550
0
139623220325555
1
139623220325550
0
139623220325555
1
139623220325550
0
139623220325555
1
139623220325550
0
139623220325555
1
139623220325550
0
139623220325555
1
139623220325550
0
139623220325555
1
139623220325550
0
139623220325555
1
139623220325550
0
139623220325555
1
139623220325550
0
139623220325555
1
139623220325550
0
139623220325555
1
139623220325550
0
139623220325555
1
139623220325550
0
139623220325555
1
139623220325550
0
139623220325555
1
139623220325550
0
139623220325555
1
139623220325550
0
139623220325555
1
139623220325550
0
139623220325555
1
139623220325550
0
139623220325555
1
139623220325550
0
139623220325555
1
139623220325550
0
139623220325555
1
139623220325550
0
139623220325555
0
139623220325559
0
139623220325613
1
139623220325586
1
139623220325656
1
139623220325686
0
139623220325691
1
139623220325666
1
139623220325656
1
139623220325686
0
139623220325691
1
139623220325666
1
139623220325656
1
139623220325686
0
139623220325691
1
139623220325666
1
139623220325656
1
139623220325686
0
139623220325691
1
139623220325666
1
139623220325656
1
139623220325686
0
139623220325691
1
139623220325666
1
139623220325656
1
139623220325686
0
139623220325691
1
139623220325666
1
139623220325656
1
139623220325686
0
139623220325691
1
139623220325666
1
139623220325656
1
139623220325686
0
139623220325691
1
139623220325666
1
139623220325656
1
139623220325686
0
139623220325691
1
139623220325666
0
139623220325475
0
139623220325488
0
139623220325504
0
139623220325512
0
139623220325550
0
139623220325555
1
139623220325550
0
139623220325555
1
139623220325550
0
139623220325555
0
139623220325559
0
139623220325613
1
139623220325586
1
139623220325656
1
139623220325686
0
139623220325691
1
139623220325666
1
139623220325656
1
139623220325686
0
139623220325691
1
139623220325666
1
139623220325656
1
139623220325686
0
139623220325691
1
139623220325666
1
139623220325656
1
139623220325686
0
139623220325691
1
139623220325666
1
139623220325656
1
139623220325686
0
139623220325691
1
139623220325666
1
139623220325656
1
139623220325686
0
139623220325691
1
139623220325666
1
139623220325656
1
139623220325686
0
139623220325691
1
139623220325666
1
139623220325656
1
139623220325686
0
139623220325691
1
139623220325666
1
139623220325656
1
139623220325686
0
139623220325691
1
139623220325666
0
139623220325475
0
139623220325488
0
139623220325504
0
139623220325512
0
139623220325550
0
139623220325555
1
139623220325550
0
139623220325555
1
139623220325550
0
139623220325555
1
139623220325550
0
139623220325555
1
139623220325550
0
139623220325555
1
139623220325550
0
139623220325555
1
139623220325550
0
139623220325555
0
139623220325559
0
139623220325613
1
139623220325586
1
139623220325656
1
139623220325686
0
139623220325691
0
139623220325707
1
139623220325686
0
139623220325691
1
139623220325666
1
139623220325656
1
139623220325686
0
139623220325691
1
139623220325666
1
139623220325656
1
139623220325686
0
139623220325691
1
139623220325666
1
139623220325656
1
139623220325686
0
139623220325691
1
139623220325666
1
139623220325656
1
139623220325686
0
139623220325691
1
139623220325666
1
139623220325656
1
139623220325686
0
139623220325691
1
139623220325666
1
139623220325656
1
139623220325686
0
139623220325691
1
139623220325666
1
139623220325656
1
139623220325686
0
139623220325691
1
139623220325666
1
139623220325656
1
139623220325686
0
139623220325691
1
139623220325666
0
139623220325475
0
139623220325488
0
139623220325504
0
139623220325512
0
139623220325550
0
139623220325555
1
139623220325550
0
139623220325555
1
139623220325550
0
139623220325555
1
139623220325550
0
139623220325555
1
139623220325550
0
139623220325555
1
139623220325550
0
139623220325555
1
139623220325550
0
139623220325555
1
139623220325550
0
139623220325555
1
139623220325550
0
139623220325555
1
139623220325550
0
139623220325555
1
139623220325550
0
139623220325555
1
139623220325550
0
139623220325555
1
139623220325550
0
139623220325555
1
139623220325550
0
139623220325555
1
139623220325550
0
139623220325555
1
139623220325550
0
139623220325555
0
139623220325559
0
139623220325613
1
139623220325586
1
139623220325656
1
139623220325686
0
139623220325691
1
139623220325666
1
139623220325656
1
139623220325686
0
139623220325691
1
139623220325666
1
139623220325656
1
139623220325686
0
139623220325691
1
139623220325666
1
139623220325656
1
139623220325686
0
139623220325691
1
139623220325666
1
139623220325656
1
139623220325686
0
139623220325691
1
139623220325666
1
139623220325656
1
139623220325686
0
139623220325691
1
139623220325666
1
139623220325656
1
139623220325686
0
139623220325691
1
139623220325666
1
139623220325656
1
139623220325686
0
139623220325691
1
139623220325666
1
139623220325656
1
139623220325686
0
139623220325691
1
139623220325666
0
139623220325475
0
139623220325488
0
139623220325504
0
139623220325512
0
139623220325550
0
139623220325555
1
139623220325550
0
139623220325555
1
139623220325550
0
139623220325555
1
139623220325550
0
139623220325555
1
139623220325550
0
139623220325555
1
139623220325550
0
139623220325555
1
139623220325550
0
139623220325555
0
139623220325559
0
139623220325613
1
139623220325586
1
139623220325656
1
139623220325686
0
139623220325691
1
139623220325666
1
139623220325656
1
139623220325686
0
139623220325691
0
139623220325707
1
139623220325686
0
139623220325691
0
139623220325707
1
139623220325686
0
139623220325691
1
139623220325666
1
139623220325656
1
139623220325686
0
139623220325691
0
139623220325707
1
139623220325686
0
139623220325691
0
139623220325707
1
139623220325686
0
139623220325691
1
139623220325666
1
139623220325656
1
139623220325686
0
139623220325691
0
139623220325707
1
139623220325686
0
139623220325691
0
139623220325707
1
139623220325686
0
139623220325691
1
139623220325666
1
139623220325656
1
139623220325686
0
139623220325691
0
139623220325707
1
139623220325686
0
139623220325691
0
139623220325707
1
139623220325686
0
139623220325691
1
139623220325666
1
139623220325656
1
139623220325686
0
139623220325691
0
139623220325707
1
139623220325686
0
139623220325691
0
139623220325707
1
139623220325686
0
139623220325691
1
139623220325666
1
139623220325656
1
139623220325686
0
139623220325691
0
139623220325707
1
139623220325686
0
139623220325691
0
139623220325707
1
139623220325686
0
139623220325691
1
139623220325666
1
139623220325656
1
139623220325686
0
139623220325691
0
139623220325707
1
139623220325686
0
139623220325691
0
139623220325707
1
139623220325686
0
139623220325691
1
139623220325666
1
139623220325656
1
139623220325686
0
139623220325691
0
139623220325707
1
139623220325686
0
139623220325691
0
139623220325707
1
139623220325686
0
139623220325691
1
139623220325666
0
139623220325475
0
139623220325488
0
139623220325504
0
139623220325512
0
139623220325550
0
139623220325555
1
139623220325550
0
139623220325555
1
139623220325550
0
139623220325555
1
139623220325550
0
139623220325555
1
139623220325550
0
139623220325555
1
139623220325550
0
139623220325555
1
139623220325550
0
139623220325555
1
139623220325550
0
139623220325555
1
139623220325550
0
139623220325555
1
139623220325550
0
139623220325555
0
139623220325559
0
139623220325613
1
139623220325586
1
139623220325656
1
139623220325686
0
139623220325691
1
139623220325666
1
139623220325656
1
139623220325686
0
139623220325691
1
139623220325666
1
139623220325656
1
139623220325686
0
139623220325691
1
139623220325666
1
139623220325656
1
139623220325686
0
139623220325691
1
139623220325666
1
139623220325656
1
139623220325686
0
139623220325691
1
139623220325666
1
139623220325656
1
139623220325686
0
139623220325691
1
139623220325666
1
139623220325656
1
139623220325686
0
139623220325691
1
139623220325666
1
139623220325656
1
139623220325686
0
139623220325691
1
139623220325666
1
139623220325656
1
139623220325686
0
139623220325691
1
139623220325666
0
139623220325475
0
139623220325488
0
139623220325504
0
139623220325512
0
139623220325550
0
139623220325555
1
139623220325550
0
139623220325555
1
139623220325550
0
139623220325555
1
139623220325550
0
139623220325555
1
139623220325550
0
139623220325555
1
139623220325550
0
139623220325555
1
139623220325550
0
139623220325555
1
139623220325550
0
139623220325555
1
139623220325550
0
139623220325555
1
139623220325550
0
139623220325555
1
139623220325550
0
139623220325555
1
139623220325550
0
139623220325555
1
139623220325550
0
139623220325555
1
139623220325550
0
139623220325555
1
139623220325550
0
139623220325555
1
139623220325550
0
139623220325555
1
139623220325550
0
139623220325555
1
139623220325550
0
139623220325555
0
139623220325559
0
139623220325613
1
139623220325586
1
139623220325656
1
139623220325686
0
139623220325691
1
139623220325666
1
139623220325656
1
139623220325686
0
139623220325691
1
139623220325666
1
139623220325656
1
139623220325686
0
139623220325691
1
139623220325666
1
139623220325656
1
139623220325686
0
139623220325691
1
139623220325666
1
139623220325656
1
139623220325686
0
139623220325691
1
139623220325666
1
139623220325656
1
139623220325686
0
139623220325691
1
139623220325666
1
139623220325656
1
139623220325686
0
139623220325691
1
139623220325666
1
139623220325656
1
139623220325686
0
139623220325691
1
139623220325666
1
139623220325656
1
139623220325686
0
139623220325691
1
139623220325666
0
139623220325475
0
139623220325488
0
139623220325504
0
139623220325512
0
139623220325550
0
139623220325555
1
139623220325550
0
139623220325555
1
139623220325550
0
139623220325555
1
139623220325550
0
139623220325555
1
139623220325550
0
139623220325555
1
139623220325550
0
139623220325555
1
139623220325550
0
139623220325555
1
139623220325550
0
139623220325555
1
139623220325550
0
139623220325555
1
139623220325550
0
139623220325555
0
139623220325559
0
139623220325613
1
139623220325586
1
139623220325656
1
139623220325686
0
139623220325691
1
139623220325666
1
139623220325656
1
139623220325686
0
139623220325691
1
139623220325666
1
139623220325656
1
139623220325686
0
139623220325691
1
139623220325666
1
139623220325656
1
139623220325686
0
139623220325691
1
139623220325666
1
139623220325656
1
139623220325686
0
139623220325691
1
139623220325666
1
139623220325656
1
139623220325686
0
139623220325691
1
139623220325666
1
139623220325656
1
139623220325686
0
139623220325691
1
139623220325666
1
139623220325656
1
139623220325686
0
139623220325691
1
139623220325666
1
139623220325656
1
139623220325686
0
139623220325691
1
139623220325666
0
139623220325475
0
139623220325488
0
139623220325504
0
139623220325512
0
139623220325550
0
139623220325555
1
139623220325550
0
139623220325555
1
139623220325550
0
139623220325555
1
139623220325550
0
139623220325555
1
139623220325550
0
139623220325555
1
139623220325550
0
139623220325555
1
139623220325550
0
139623220325555
1
139623220325550
0
139623220325555
1
139623220325550
0
139623220325555
1
139623220325550
0
139623220325555
0
139623220325559
0
139623220325613
1
139623220325586
1
139623220325656
1
139623220325686
0
139623220325691
1
139623220325666
1
139623220325656
1
139623220325686
0
139623220325691
0
139623220325707
1
139623220325686
0
139623220325691
1
139623220325666
1
139623220325656
1
139623220325686
0
139623220325691
0
139623220325707
1
139623220325686
0
139623220325691
1
139623220325666
1
139623220325656
1
139623220325686
0
139623220325691
0
139623220325707
1
139623220325686
0
139623220325691
1
139623220325666
1
139623220325656
1
139623220325686
0
139623220325691
0
139623220325707
1
139623220325686
0
139623220325691
1
139623220325666
1
139623220325656
1
139623220325686
0
139623220325691
0
139623220325707
1
139623220325686
0
139623220325691
1
139623220325666
1
139623220325656
1
139623220325686
0
139623220325691
0
139623220325707
1
139623220325686
0
139623220325691
1
139623220325666
1
139623220325656
1
139623220325686
0
139623220325691
0
139623220325707
1
139623220325686
0
139623220325691
1
139623220325666
1
139623220325656
1
139623220325686
0
139623220325691
0
139623220325707
1
139623220325686
0
139623220325691
1
139623220325666
0
139623220325475
0
139623220325488
0
139623220325504
0
139623220325512
0
139623220325550
0
139623220325555
1
139623220325550
0
139623220325555
1
139623220325550
0
139623220325555
1
139623220325550
0
139623220325555
0
139623220325559
0
139623220325613
1
139623220325586
1
139623220325656
1
139623220325686
0
139623220325691
1
139623220325666
1
139623220325656
1
139623220325686
0
139623220325691
1
139623220325666
1
139623220325656
1
139623220325686
0
139623220325691
1
139623220325666
1
139623220325656
1
139623220325686
0
139623220325691
1
139623220325666
1
139623220325656
1
139623220325686
0
139623220325691
1
139623220325666
1
139623220325656
1
139623220325686
0
139623220325691
1
139623220325666
1
139623220325656
1
139623220325686
0
139623220325691
1
139623220325666
1
139623220325656
1
139623220325686
0
139623220325691
1
139623220325666
1
139623220325656
1
139623220325686
0
139623220325691
1
139623220325666
0
139623220325475
0
139623220325488
0
139623220325504
0
139623220325512
0
139623220325550
0
139623220325555
1
139623220325550
0
139623220325555
1
139623220325550
0
139623220325555
1
139623220325550
0
139623220325555
0
139623220325559
0
139623220325613
1
139623220325586
1
139623220325656
1
139623220325686
0
139623220325691
0
139623220325707
1
139623220325686
0
139623220325691
1
139623220325666
1
139623220325656
1
139623220325686
0
139623220325691
1
139623220325666
1
139623220325656
1
139623220325686
0
139623220325691
1
139623220325666
1
139623220325656
1
139623220325686
0
139623220325691
1
139623220325666
1
139623220325656
1
139623220325686
0
139623220325691
1
139623220325666
1
139623220325656
1
139623220325686
0
139623220325691
1
139623220325666
1
139623220325656
1
139623220325686
0
139623220325691
1
139623220325666
1
139623220325656
1
139623220325686
0
139623220325691
1
139623220325666
1
139623220325656
1
139623220325686
0
139623220325691
1
139623220325666
0
139623220325475
0
139623220325488
0
139623220325504
0
139623220325512
0
139623220325550
0
139623220325555
1
139623220325550
0
139623220325555
1
139623220325550
0
139623220325555
1
139623220325550
0
139623220325555
1
139623220325550
0
139623220325555
1
139623220325550
0
139623220325555
1
139623220325550
0
139623220325555
1
139623220325550
0
139623220325555
1
139623220325550
0
139623220325555
1
139623220325550
0
139623220325555
1
139623220325550
0
139623220325555
1
139623220325550
0
139623220325555
1
139623220325550
0
139623220325555
1
139623220325550
0
139623220325555
1
139623220325550
0
139623220325555
1
139623220325550
0
139623220325555
1
139623220325550
0
139623220325555
1
139623220325550
0
139623220325555
1
139623220325550
0
139623220325555
1
139623220325550
0
139623220325555
0
139623220325559
0
139623220325613
1
139623220325586
1
139623220325656
1
139623220325686
0
139623220325691
1
139623220325666
1
139623220325656
1
139623220325686
0
139623220325691
1
139623220325666
1
139623220325656
1
139623220325686
0
139623220325691
1
139623220325666
1
139623220325656
1
139623220325686
0
139623220325691
1
139623220325666
1
139623220325656
1
139623220325686
0
139623220325691
1
139623220325666
1
139623220325656
1
139623220325686
0
139623220325691
1
139623220325666
1
139623220325656
1
139623220325686
0
139623220325691
1
139623220325666
1
139623220325656
1
139623220325686
0
139623220325691
1
139623220325666
1
139623220325656
1
139623220325686
0
139623220325691
1
139623220325666
0
139623220325475
0
139623220325488
0
139623220325504
0
139623220325512
0
139623220325550
0
139623220325555
1
139623220325550
0
139623220325555
1
139623220325550
0
139623220325555
1
139623220325550
0
139623220325555
1
139623220325550
0
139623220325555
1
139623220325550
0
139623220325555
1
139623220325550
0
139623220325555
1
139623220325550
0
139623220325555
1
139623220325550
0
139623220325555
1
139623220325550
0
139623220325555
1
139623220325550
0
139623220325555
1
139623220325550
0
139623220325555
1
139623220325550
0
139623220325555
1
139623220325550
0
139623220325555
1
139623220325550
0
139623220325555
1
139623220325550
0
139623220325555
1
139623220325550
0
139623220325555
1
139623220325550
0
139623220325555
1
139623220325550
0
139623220325555
1
139623220325550
0
139623220325555
0
139623220325559
0
139623220325613
1
139623220325586
1
139623220325656
1
139623220325686
0
139623220325691
1
139623220325666
1
139623220325656
1
139623220325686
0
139623220325691
1
139623220325666
1
139623220325656
1
139623220325686
0
139623220325691
1
139623220325666
1
139623220325656
1
139623220325686
0
139623220325691
1
139623220325666
1
139623220325656
1
139623220325686
0
139623220325691
1
139623220325666
1
139623220325656
1
139623220325686
0
139623220325691
1
139623220325666
1
139623220325656
1
139623220325686
0
139623220325691
1
139623220325666
1
139623220325656
1
139623220325686
0
139623220325691
1
139623220325666
1
139623220325656
1
139623220325686
0
139623220325691
1
139623220325666
0
139623220325475
0
139623220325488
0
139623220325504
0
139623220325512
0
139623220325550
0
139623220325555
1
139623220325550
0
139623220325555
1
139623220325550
0
139623220325555
1
139623220325550
0
139623220325555
1
139623220325550
0
139623220325555
1
139623220325550
0
139623220325555
1
139623220325550
0
139623220325555
1
139623220325550
0
139623220325555
1
139623220325550
0
139623220325555
1
139623220325550
0
139623220325555
1
139623220325550
0
139623220325555
0
139623220325559
0
139623220325613
1
139623220325586
1
139623220325656
1
139623220325686
0
139623220325691
1
139623220325666
1
139623220325656
1
139623220325686
0
139623220325691
1
139623220325666
1
139623220325656
1
139623220325686
0
139623220325691
1
139623220325666
1
139623220325656
1
139623220325686
0
139623220325691
1
139623220325666
1
139623220325656
1
139623220325686
0
139623220325691
1
139623220325666
1
139623220325656
1
139623220325686
0
139623220325691
1
139623220325666
1
139623220325656
1
139623220325686
0
139623220325691
1
139623220325666
1
139623220325656
1
139623220325686
0
139623220325691
1
139623220325666
1
139623220325656
1
139623220325686
0
139623220325691
1
139623220325666
0
139623220325475
0
139623220325488
0
139623220325504
0
139623220325512
0
139623220325550
0
139623220325555
1
139623220325550
0
139623220325555
1
139623220325550
0
139623220325555
1
139623220325550
0
139623220325555
1
139623220325550
0
139623220325555
1
139623220325550
0
139623220325555
1
139623220325550
0
139623220325555
1
139623220325550
0
139623220325555
1
139623220325550
0
139623220325555
1
139623220325550
0
139623220325555
1
139623220325550
0
139623220325555
1
139623220325550
0
139623220325555
1
139623220325550
0
139623220325555
1
139623220325550
0
139623220325555
1
139623220325550
0
139623220325555
0
139623220325559
0
139623220325613
1
139623220325586
1
139623220325656
1
139623220325686
0
139623220325691
1
139623220325666
1
139623220325656
1
139623220325686
0
139623220325691
1
139623220325666
1
139623220325656
1
139623220325686
0
139623220325691
1
139623220325666
1
139623220325656
1
139623220325686
0
139623220325691
1
139623220325666
1
139623220325656
1
139623220325686
0
139623220325691
1
139623220325666
1
139623220325656
1
139623220325686
0
139623220325691
1
139623220325666
1
139623220325656
1
139623220325686
0
139623220325691
1
139623220325666
1
139623220325656
1
139623220325686
0
139623220325691
1
139623220325666
1
139623220325656
1
139623220325686
0
139623220325691
1
139623220325666
0
139623220325475
0
139623220325488
0
139623220325504
0
139623220325512
0
139623220325550
0
139623220325555
1
139623220325550
0
139623220325555
1
139623220325550
0
139623220325555
1
139623220325550
0
139623220325555
1
139623220325550
0
139623220325555
1
139623220325550
0
139623220325555
1
139623220325550
0
139623220325555
1
139623220325550
0
139623220325555
1
139623220325550
0
139623220325555
1
139623220325550
0
139623220325555
1
139623220325550
0
139623220325555
1
139623220325550
0
139623220325555
1
139623220325550
0
139623220325555
1
139623220325550
0
139623220325555
1
139623220325550
0
139623220325555
1
139623220325550
0
139623220325555
1
139623220325550
0
139623220325555
0
139623220325559
0
139623220325613
1
139623220325586
1
139623220325656
1
139623220325686
0
139623220325691
1
139623220325666
1
139623220325656
1
139623220325686
0
139623220325691
1
139623220325666
1
139623220325656
1
139623220325686
0
139623220325691
1
139623220325666
1
139623220325656
1
139623220325686
0
139623220325691
1
139623220325666
1
139623220325656
1
139623220325686
0
139623220325691
1
139623220325666
1
139623220325656
1
139623220325686
0
139623220325691
1
139623220325666
1
139623220325656
1
139623220325686
0
139623220325691
1
139623220325666
1
139623220325656
1
139623220325686
0
139623220325691
1
139623220325666
1
139623220325656
1
139623220325686
0
139623220325691
1
139623220325666
0
139623220325475
0
139623220325488
0
139623220325504
0
139623220325512
0
139623220325550
0
139623220325555
1
139623220325550
0
139623220325555
1
139623220325550
0
139623220325555
1
139623220325550
0
139623220325555
0
139623220325559
0
139623220325613
1
139623220325586
1
139623220325656
1
139623220325686
0
139623220325691
1
139623220325666
1
139623220325656
1
139623220325686
0
139623220325691
1
139623220325666
1
139623220325656
1
139623220325686
0
139623220325691
1
139623220325666
1
139623220325656
1
139623220325686
0
139623220325691
1
139623220325666
1
139623220325656
1
139623220325686
0
139623220325691
1
139623220325666
1
139623220325656
1
139623220325686
0
139623220325691
1
139623220325666
1
139623220325656
1
139623220325686
0
139623220325691
1
139623220325666
1
139623220325656
1
139623220325686
0
139623220325691
1
139623220325666
1
139623220325656
1
139623220325686
0
139623220325691
1
139623220325666
0
139623220325475
0
139623220325488
0
139623220325504
0
139623220325512
0
139623220325550
0
139623220325555
1
139623220325550
0
139623220325555
1
139623220325550
0
139623220325555
1
139623220325550
0
139623220325555
1
139623220325550
0
139623220325555
1
139623220325550
0
139623220325555
1
139623220325550
0
139623220325555
1
139623220325550
0
139623220325555
1
139623220325550
0
139623220325555
1
139623220325550
0
139623220325555
1
139623220325550
0
139623220325555
1
139623220325550
0
139623220325555
1
139623220325550
0
139623220325555
1
139623220325550
0
139623220325555
1
139623220325550
0
139623220325555
1
139623220325550
0
139623220325555
1
139623220325550
0
139623220325555
1
139623220325550
0
139623220325555
1
139623220325550
0
139623220325555
1
139623220325550
0
139623220325555
1
139623220325550
0
139623220325555
1
139623220325550
0
139623220325555
1
139623220325550
0
139623220325555
1
139623220325550
0
139623220325555
1
139623220325550
0
139623220325555
1
139623220325550
0
139623220325555
1
139623220325550
0
139623220325555
1
139623220325550
0
139623220325555
1
139623220325550
0
139623220325555
1
139623220325550
0
139623220325555
0
139623220325559
0
139623220325613
1
139623220325586
1
139623220325656
1
139623220325686
0
139623220325691
1
139623220325666
1
139623220325656
1
139623220325686
0
139623220325691
1
139623220325666
1
139623220325656
1
139623220325686
0
139623220325691
1
139623220325666
1
139623220325656
1
139623220325686
0
139623220325691
1
139623220325666
1
139623220325656
1
139623220325686
0
139623220325691
1
139623220325666
1
139623220325656
1
139623220325686
0
139623220325691
1
139623220325666
1
139623220325656
1
139623220325686
0
139623220325691
1
139623220325666
1
139623220325656
1
139623220325686
0
139623220325691
1
139623220325666
1
139623220325656
1
139623220325686
0
139623220325691
1
139623220325666
0
139623220325475
0
139623220325488
0
139623220325504
0
139623220325512
0
139623220325550
0
139623220325555
1
139623220325550
0
139623220325555
1
139623220325550
0
139623220325555
1
139623220325550
0
139623220325555
0
139623220325559
0
139623220325613
1
139623220325586
1
139623220325656
1
139623220325686
0
139623220325691
1
139623220325666
1
139623220325656
1
139623220325686
0
139623220325691
1
139623220325666
1
139623220325656
1
139623220325686
0
139623220325691
1
139623220325666
1
139623220325656
1
139623220325686
0
139623220325691
1
139623220325666
1
139623220325656
1
139623220325686
0
139623220325691
1
139623220325666
1
139623220325656
1
139623220325686
0
139623220325691
1
139623220325666
1
139623220325656
1
139623220325686
0
139623220325691
1
139623220325666
1
139623220325656
1
139623220325686
0
139623220325691
1
139623220325666
1
139623220325656
1
139623220325686
0
139623220325691
1
139623220325666
0
139623220325475
0
139623220325488
0
139623220325504
0
139623220325512
0
139623220325550
0
139623220325555
1
139623220325550
0
139623220325555
1
139623220325550
0
139623220325555
1
139623220325550
0
139623220325555
1
139623220325550
0
139623220325555
1
139623220325550
0
139623220325555
1
139623220325550
0
139623220325555
1
139623220325550
0
139623220325555
1
139623220325550
0
139623220325555
0
139623220325559
0
139623220325613
1
139623220325586
1
139623220325656
1
139623220325686
0
139623220325691
1
139623220325666
1
139623220325656
1
139623220325686
0
139623220325691
1
139623220325666
1
139623220325656
1
139623220325686
0
139623220325691
1
139623220325666
1
139623220325656
1
139623220325686
0
139623220325691
1
139623220325666
1
139623220325656
1
139623220325686
0
139623220325691
1
139623220325666
1
139623220325656
1
139623220325686
0
139623220325691
1
139623220325666
1
139623220325656
1
139623220325686
0
139623220325691
1
139623220325666
1
139623220325656
1
139623220325686
0
139623220325691
1
139623220325666
1
139623220325656
1
139623220325686
0
139623220325691
1
139623220325666
0
139623220325475
0
139623220325488
0
139623220325504
0
139623220325512
0
139623220325550
0
139623220325555
1
139623220325550
0
139623220325555
1
139623220325550
0
139623220325555
1
139623220325550
0
139623220325555
1
139623220325550
0
139623220325555
1
139623220325550
0
139623220325555
1
139623220325550
0
139623220325555
0
139623220325559
0
139623220325613
1
139623220325586
1
139623220325656
1
139623220325686
0
139623220325691
1
139623220325666
1
139623220325656
1
139623220325686
0
139623220325691
1
139623220325666
1
139623220325656
1
139623220325686
0
139623220325691
1
139623220325666
1
139623220325656
1
139623220325686
0
139623220325691
1
139623220325666
1
139623220325656
1
139623220325686
0
139623220325691
1
139623220325666
1
139623220325656
1
139623220325686
0
139623220325691
1
139623220325666
1
139623220325656
1
139623220325686
0
139623220325691
1
139623220325666
1
139623220325656
1
139623220325686
0
139623220325691
1
139623220325666
1
139623220325656
1
139623220325686
0
139623220325691
1
139623220325666
0
139623220325475
0
139623220325488
0
139623220325504
0
139623220325512
0
139623220325550
0
139623220325555
1
139623220325550
0
139623220325555
1
139623220325550
0
139623220325555
1
139623220325550
0
139623220325555
1
139623220325550
0
139623220325555
0
139623220325559
0
139623220325613
1
139623220325586
1
139623220325656
1
139623220325686
0
139623220325691
1
139623220325666
1
139623220325656
1
139623220325686
0
139623220325691
1
139623220325666
1
139623220325656
1
139623220325686
0
139623220325691
1
139623220325666
1
139623220325656
1
139623220325686
0
139623220325691
1
139623220325666
1
139623220325656
1
139623220325686
0
139623220325691
1
139623220325666
1
139623220325656
1
139623220325686
0
139623220325691
1
139623220325666
1
139623220325656
1
139623220325686
0
139623220325691
1
139623220325666
1
139623220325656
1
139623220325686
0
139623220325691
1
139623220325666
1
139623220325656
1
139623220325686
0
139623220325691
1
139623220325666
0
139623220325475
0
139623220325488
0
139623220325504
0
139623220325512
0
139623220325550
0
139623220325555
1
139623220325550
0
139623220325555
1
139623220325550
0
139623220325555
1
139623220325550
0
139623220325555
1
139623220325550
0
139623220325555
1
139623220325550
0
139623220325555
1
139623220325550
0
139623220325555
1
139623220325550
0
139623220325555
0
139623220325559
0
139623220325613
1
139623220325586
1
139623220325656
1
139623220325686
0
139623220325691
1
139623220325666
1
139623220325656
1
139623220325686
0
139623220325691
1
139623220325666
1
139623220325656
1
139623220325686
0
139623220325691
1
139623220325666
1
139623220325656
1
139623220325686
0
139623220325691
1
139623220325666
1
139623220325656
1
139623220325686
0
139623220325691
1
139623220325666
1
139623220325656
1
139623220325686
0
139623220325691
1
139623220325666
1
139623220325656
1
139623220325686
0
139623220325691
1
139623220325666
1
139623220325656
1
139623220325686
0
139623220325691
1
139623220325666
1
139623220325656
1
139623220325686
0
139623220325691
1
139623220325666
0
139623220325475
0
139623220325488
0
139623220325504
0
139623220325512
0
139623220325550
0
139623220325555
1
139623220325550
0
139623220325555
1
139623220325550
0
139623220325555
1
139623220325550
0
139623220325555
1
139623220325550
0
139623220325555
1
139623220325550
0
139623220325555
1
139623220325550
0
139623220325555
1
139623220325550
0
139623220325555
1
139623220325550
0
139623220325555
1
139623220325550
0
139623220325555
1
139623220325550
0
139623220325555
1
139623220325550
0
139623220325555
1
139623220325550
0
139623220325555
1
139623220325550
0
139623220325555
0
139623220325559
0
139623220325613
1
139623220325586
1
139623220325656
1
139623220325686
0
139623220325691
1
139623220325666
1
139623220325656
1
139623220325686
0
139623220325691
1
139623220325666
1
139623220325656
1
139623220325686
0
139623220325691
1
139623220325666
1
139623220325656
1
139623220325686
0
139623220325691
1
139623220325666
1
139623220325656
1
139623220325686
0
139623220325691
1
139623220325666
1
139623220325656
1
139623220325686
0
139623220325691
1
139623220325666
1
139623220325656
1
139623220325686
0
139623220325691
1
139623220325666
1
139623220325656
1
139623220325686
0
139623220325691
1
139623220325666
1
139623220325656
1
139623220325686
0
139623220325691
1
139623220325666
0
139623220325475
0
139623220325488
0
139623220325504
0
139623220325512
0
139623220325550
0
139623220325555
1
139623220325550
0
139623220325555
1
139623220325550
0
139623220325555
1
139623220325550
0
139623220325555
1
139623220325550
0
139623220325555
1
139623220325550
0
139623220325555
1
139623220325550
0
139623220325555
1
139623220325550
0
139623220325555
1
139623220325550
0
139623220325555
1
139623220325550
0
139623220325555
1
139623220325550
0
139623220325555
1
139623220325550
0
139623220325555
1
139623220325550
0
139623220325555
1
139623220325550
0
139623220325555
1
139623220325550
0
139623220325555
0
139623220325559
0
139623220325613
1
139623220325586
1
139623220325656
1
139623220325686
0
139623220325691
1
139623220325666
1
139623220325656
1
139623220325686
0
139623220325691
1
139623220325666
1
139623220325656
1
139623220325686
0
139623220325691
1
139623220325666
1
139623220325656
1
139623220325686
0
139623220325691
1
139623220325666
1
139623220325656
1
139623220325686
0
139623220325691
1
139623220325666
1
139623220325656
1
139623220325686
0
139623220325691
1
139623220325666
1
139623220325656
1
139623220325686
0
139623220325691
1
139623220325666
1
139623220325656
1
139623220325686
0
139623220325691
1
139623220325666
1
139623220325656
1
139623220325686
0
139623220325691
1
139623220325666
0
139623220325475
0
139623220325488
0
139623220325504
0
139623220325512
0
139623220325550
0
139623220325555
1
139623220325550
0
139623220325555
1
139623220325550
0
139623220325555
1
139623220325550
0
139623220325555
1
139623220325550
0
139623220325555
1
139623220325550
0
139623220325555
1
139623220325550
0
139623220325555
1
139623220325550
0
139623220325555
1
139623220325550
0
139623220325555
1
139623220325550
0
139623220325555
1
139623220325550
0
139623220325555
1
139623220325550
0
139623220325555
1
139623220325550
0
139623220325555
1
139623220325550
0
139623220325555
1
139623220325550
0
139623220325555
0
139623220325559
0
139623220325613
1
139623220325586
1
139623220325656
1
139623220325686
0
139623220325691
1
139623220325666
1
139623220325656
1
139623220325686
0
139623220325691
1
139623220325666
1
139623220325656
1
139623220325686
0
139623220325691
1
139623220325666
1
139623220325656
1
139623220325686
0
139623220325691
1
139623220325666
1
139623220325656
1
139623220325686
0
139623220325691
1
139623220325666
1
139623220325656
1
139623220325686
0
139623220325691
1
139623220325666
1
139623220325656
1
139623220325686
0
139623220325691
1
139623220325666
1
139623220325656
1
139623220325686
0
139623220325691
1
139623220325666
1
139623220325656
1
139623220325686
0
139623220325691
1
139623220325666
0
139623220325475
0
139623220325488
0
139623220325504
0
139623220325512
0
139623220325550
0
139623220325555
1
139623220325550
0
139623220325555
1
139623220325550
0
139623220325555
1
139623220325550
0
139623220325555
0
139623220325559
0
139623220325613
1
139623220325586
1
139623220325656
1
139623220325686
0
139623220325691
1
139623220325666
1
139623220325656
1
139623220325686
0
139623220325691
1
139623220325666
1
139623220325656
1
139623220325686
0
139623220325691
1
139623220325666
1
139623220325656
1
139623220325686
0
139623220325691
1
139623220325666
1
139623220325656
1
139623220325686
0
139623220325691
1
139623220325666
1
139623220325656
1
139623220325686
0
139623220325691
1
139623220325666
1
139623220325656
1
139623220325686
0
139623220325691
1
139623220325666
1
139623220325656
1
139623220325686
0
139623220325691
1
139623220325666
1
139623220325656
1
139623220325686
0
139623220325691
1
139623220325666
0
139623220325475
0
139623220325488
0
139623220325504
0
139623220325512
0
139623220325550
0
139623220325555
1
139623220325550
0
139623220325555
1
139623220325550
0
139623220325555
1
139623220325550
0
139623220325555
1
139623220325550
0
139623220325555
1
139623220325550
0
139623220325555
1
139623220325550
0
139623220325555
1
139623220325550
0
139623220325555
1
139623220325550
0
139623220325555
1
139623220325550
0
139623220325555
1
139623220325550
0
139623220325555
1
139623220325550
0
139623220325555
1
139623220325550
0
139623220325555
1
139623220325550
0
139623220325555
1
139623220325550
0
139623220325555
1
139623220325550
0
139623220325555
1
139623220325550
0
139623220325555
1
139623220325550
0
139623220325555
1
139623220325550
0
139623220325555
1
139623220325550
0
139623220325555
1
139623220325550
0
139623220325555
1
139623220325550
0
139623220325555
1
139623220325550
0
139623220325555
1
139623220325550
0
139623220325555
0
139623220325559
0
139623220325613
1
139623220325586
1
139623220325656
1
139623220325686
0
139623220325691
1
139623220325666
1
139623220325656
1
139623220325686
0
139623220325691
1
139623220325666
1
139623220325656
1
139623220325686
0
139623220325691
1
139623220325666
1
139623220325656
1
139623220325686
0
139623220325691
1
139623220325666
1
139623220325656
1
139623220325686
0
139623220325691
1
139623220325666
1
139623220325656
1
139623220325686
0
139623220325691
1
139623220325666
1
139623220325656
1
139623220325686
0
139623220325691
1
139623220325666
1
139623220325656
1
139623220325686
0
139623220325691
1
139623220325666
1
139623220325656
1
139623220325686
0
139623220325691
1
139623220325666
0
139623220325475
0
139623220325488
0
139623220325504
0
139623220325512
0
139623220325550
0
139623220325555
1
139623220325550
0
139623220325555
1
139623220325550
0
139623220325555
1
139623220325550
0
139623220325555
1
139623220325550
0
139623220325555
1
139623220325550
0
139623220325555
1
139623220325550
0
139623220325555
1
139623220325550
0
139623220325555
1
139623220325550
0
139623220325555
1
139623220325550
0
139623220325555
1
139623220325550
0
139623220325555
1
139623220325550
0
139623220325555
1
139623220325550
0
139623220325555
1
139623220325550
0
139623220325555
1
139623220325550
0
139623220325555
0
139623220325559
0
139623220325613
1
139623220325586
1
139623220325656
1
139623220325686
0
139623220325691
1
139623220325666
1
139623220325656
1
139623220325686
0
139623220325691
1
139623220325666
1
139623220325656
1
139623220325686
0
139623220325691
1
139623220325666
1
139623220325656
1
139623220325686
0
139623220325691
1
139623220325666
1
139623220325656
1
139623220325686
0
139623220325691
1
139623220325666
1
139623220325656
1
139623220325686
0
139623220325691
1
139623220325666
1
139623220325656
1
139623220325686
0
139623220325691
1
139623220325666
1
139623220325656
1
139623220325686
0
139623220325691
1
139623220325666
1
139623220325656
1
139623220325686
0
139623220325691
1
139623220325666
0
139623220325475
0
139623220325488
0
139623220325504
0
139623220325512
0
139623220325550
0
139623220325555
1
139623220325550
0
139623220325555
1
139623220325550
0
139623220325555
1
139623220325550
0
139623220325555
0
139623220325559
0
139623220325613
1
139623220325586
1
139623220325656
1
139623220325686
0
139623220325691
1
139623220325666
1
139623220325656
1
139623220325686
0
139623220325691
0
139623220325707
1
139623220325686
0
139623220325691
0
139623220325707
1
139623220325686
0
139623220325691
1
139623220325666
1
139623220325656
1
139623220325686
0
139623220325691
0
139623220325707
1
139623220325686
0
139623220325691
0
139623220325707
1
139623220325686
0
139623220325691
1
139623220325666
1
139623220325656
1
139623220325686
0
139623220325691
0
139623220325707
1
139623220325686
0
139623220325691
0
139623220325707
1
139623220325686
0
139623220325691
1
139623220325666
1
139623220325656
1
139623220325686
0
139623220325691
0
139623220325707
1
139623220325686
0
139623220325691
0
139623220325707
1
139623220325686
0
139623220325691
1
139623220325666
1
139623220325656
1
139623220325686
0
139623220325691
0
139623220325707
1
139623220325686
0
139623220325691
0
139623220325707
1
139623220325686
0
139623220325691
1
139623220325666
1
139623220325656
1
139623220325686
0
139623220325691
0
139623220325707
1
139623220325686
0
139623220325691
0
139623220325707
1
139623220325686
0
139623220325691
1
139623220325666
1
139623220325656
1
139623220325686
0
139623220325691
0
139623220325707
1
139623220325686
0
139623220325691
0
139623220325707
1
139623220325686
0
139623220325691
1
139623220325666
1
139623220325656
1
139623220325686
0
139623220325691
0
139623220325707
1
139623220325686
0
139623220325691
0
139623220325707
1
139623220325686
0
139623220325691
1
139623220325666
0
139623220325475
0
139623220325488
0
139623220325504
0
139623220325512
0
139623220325550
0
139623220325555
1
139623220325550
0
139623220325555
1
139623220325550
0
139623220325555
1
139623220325550
0
139623220325555
1
139623220325550
0
139623220325555
1
139623220325550
0
139623220325555
0
139623220325559
0
139623220325613
1
139623220325586
1
139623220325656
1
139623220325686
0
139623220325691
1
139623220325666
1
139623220325656
1
139623220325686
0
139623220325691
1
139623220325666
1
139623220325656
1
139623220325686
0
139623220325691
1
139623220325666
1
139623220325656
1
139623220325686
0
139623220325691
1
139623220325666
1
139623220325656
1
139623220325686
0
139623220325691
1
139623220325666
1
139623220325656
1
139623220325686
0
139623220325691
1
139623220325666
1
139623220325656
1
139623220325686
0
139623220325691
1
139623220325666
1
139623220325656
1
139623220325686
0
139623220325691
1
139623220325666
1
139623220325656
1
139623220325686
0
139623220325691
1
139623220325666
0
139623220325475
0
139623220325488
0
139623220325504
0
139623220325512
0
139623220325550
0
139623220325555
1
139623220325550
0
139623220325555
1
139623220325550
0
139623220325555
1
139623220325550
0
139623220325555
1
139623220325550
0
139623220325555
1
139623220325550
0
139623220325555
1
139623220325550
0
139623220325555
1
139623220325550
0
139623220325555
1
139623220325550
0
139623220325555
1
139623220325550
0
139623220325555
1
139623220325550
0
139623220325555
1
139623220325550
0
139623220325555
1
139623220325550
0
139623220325555
0
139623220325559
0
139623220325613
1
139623220325586
1
139623220325656
1
139623220325686
0
139623220325691
1
139623220325666
1
139623220325656
1
139623220325686
0
139623220325691
1
139623220325666
1
139623220325656
1
139623220325686
0
139623220325691
1
139623220325666
1
139623220325656
1
139623220325686
0
139623220325691
1
139623220325666
1
139623220325656
1
139623220325686
0
139623220325691
1
139623220325666
1
139623220325656
1
139623220325686
0
139623220325691
1
139623220325666
1
139623220325656
1
139623220325686
0
139623220325691
1
139623220325666
1
139623220325656
1
139623220325686
0
139623220325691
1
139623220325666
1
139623220325656
1
139623220325686
0
139623220325691
1
139623220325666
0
139623220325475
0
139623220325488
0
139623220325504
0
139623220325512
0
139623220325550
0
139623220325555
1
139623220325550
0
139623220325555
1
139623220325550
0
139623220325555
1
139623220325550
0
139623220325555
1
139623220325550
0
139623220325555
1
139623220325550
0
139623220325555
1
139623220325550
0
139623220325555
1
139623220325550
0
139623220325555
1
139623220325550
0
139623220325555
1
139623220325550
0
139623220325555
1
139623220325550
0
139623220325555
1
139623220325550
0
139623220325555
1
139623220325550
0
139623220325555
1
139623220325550
0
139623220325555
1
139623220325550
0
139623220325555
1
139623220325550
0
139623220325555
1
139623220325550
0
139623220325555
1
139623220325550
0
139623220325555
1
139623220325550
0
139623220325555
0
139623220325559
0
139623220325613
1
139623220325586
1
139623220325656
1
139623220325686
0
139623220325691
1
139623220325666
1
139623220325656
1
139623220325686
0
139623220325691
1
139623220325666
1
139623220325656
1
139623220325686
0
139623220325691
1
139623220325666
1
139623220325656
1
139623220325686
0
139623220325691
1
139623220325666
1
139623220325656
1
139623220325686
0
139623220325691
1
139623220325666
1
139623220325656
1
139623220325686
0
139623220325691
1
139623220325666
1
139623220325656
1
139623220325686
0
139623220325691
1
139623220325666
1
139623220325656
1
139623220325686
0
139623220325691
1
139623220325666
1
139623220325656
1
139623220325686
0
139623220325691
1
139623220325666
0
139623220325475
0
139623220325488
0
139623220325504
0
139623220325512
0
139623220325550
0
139623220325555
0
139623220325559
0
139623220325613
1
139623220325586
1
139623220325656
1
139623220325686
0
139623220325691
1
139623220325666
1
139623220325656
1
139623220325686
0
139623220325691
1
139623220325666
1
139623220325656
1
139623220325686
0
139623220325691
1
139623220325666
1
139623220325656
1
139623220325686
0
139623220325691
1
139623220325666
1
139623220325656
1
139623220325686
0
139623220325691
1
139623220325666
1
139623220325656
1
139623220325686
0
139623220325691
1
139623220325666
1
139623220325656
1
139623220325686
0
139623220325691
1
139623220325666
1
139623220325656
1
139623220325686
0
139623220325691
1
139623220325666
1
139623220325656
1
139623220325686
0
139623220325691
1
139623220325666
0
139623220325475
0
139623220325488
1
139623220325787
0
139623220325839
1
139623220325831
0
139623220325839
1
139623220325831
0
139623220325839
1
139623220325831
0
139623220325839
1
139623220325831
0
139623220325839
1
139623220325831
0
139623220325839
1
139623220325831
0
139623220325839
1
139623220325831
0
139623220325839
1
139623220325831
0
139623220325839
1
139623220325831
1
139623220182734
0
139623220182742
0
139623220182750
1
139623220179044
0
139623220179128
0
139623220179141
0
139623220179229
0
139623220179271
0
139623220179313
0
139623220179356
1
139623220178925
0
139623220178966
0
139623220179005
0
139623220181553
0
139623220181604
1
139623220182164
0
139623220182177
1
139623220182285
0
139623220182297
0
139623220181615
1
139623220181725
0
139623220181736
1
139623220181797
1
139623220181927
0
139623220181968
0
139623220182023
1
139623220182444
1
139623220182059
1
139623220182023
0
139623220182059
1
139623220182023
1
139623220182444
1
139623220182059
1
139623220182023
1
139623220182444
1
139623220182059
1
139623220182023
1
139623220182444
1
139623220182059
1
139623220182023
0
139623220182059
1
139623220182023
0
139623220182059
1
139623220182023
0
139623220182059
1
139623220182023
0
139623220182059
1
139623220182023
0
139623220182059
1
139623220182023
0
139623220182059
1
139623220182023
0
139623220182059
1
139623220182023
0
139623220182059
1
139623220182023
0
139623220182059
1
139623220182023
1
139623220182444
1
139623220182059
1
139623220182023
1
139623220182444
1
139623220182059
1
139623220182023
1
139623220182444
1
139623220182059
0
139623220182071
0
139623220181803
0
139623220181820
1
139623220181861
0
139623220181887
1
139623220182131
0
139623220182144
1
139623220182470
0
139623220182487
0
139623220182505
0
139623220182516
0
139623220182539
0
139623220182555
0
139623220182564
0
139623220182571
0
139623220182587
0
139623220185373
1
139623220186650
0
139623220186672
0
139623220186678
1
139623220186757
1
139623220186735
0
139623220185415
0
139623220185433
0
139623220185442
0
139623220185463
1
139623220185484
0
139623220182955
0
139623220182967
0
139623220182992
1
139623220183061
1
139623220180999
0
139623220181047
1
139623220180338
0
139623220180385
0
139623220180459
0
139623220180466
0
139623220180475
1
139623220180521
0
139623220180523
0
139623220180531
0
139623220180546
1
139623220180523
0
139623220180531
0
139623220180546
1
139623220180523
0
139623220180531
0
139623220180546
1
139623220180523
0
139623220180531
0
139623220180546
1
139623220180523
0
139623220180531
0
139623220180546
1
139623220180523
0
139623220180531
0
139623220180546
1
139623220180523
0
139623220180531
1
139623220180449
0
139623220180459
0
139623220180466
1
139623220180622
0
139623220180719
1
139623220180675
0
139623220180681
1
139623220180771
1
139623220181112
1
139623220180999
0
139623220181047
1
139623220180338
0
139623220180385
0
139623220180459
0
139623220180466
0
139623220180475
1
139623220180521
0
139623220180523
0
139623220180531
0
139623220180546
1
139623220180523
0
139623220180531
0
139623220180546
1
139623220180523
0
139623220180531
0
139623220180546
1
139623220180523
0
139623220180531
0
139623220180546
1
139623220180523
0
139623220180531
0
139623220180546
1
139623220180523
0
139623220180531
0
139623220180546
1
139623220180523
0
139623220180531
1
139623220180449
0
139623220180459
0
139623220180466
1
139623220180622
0
139623220180719
1
139623220180675
0
139623220180681
0
139623220180697
0
139623220180719
0
139623220180724
0
139623220180729
0
139623220180734
1
139623220180744
1
139623220180754
1
139623220180697
0
139623220180719
0
139623220180724
1
139623220180734
0
139623220180739
0
139623220180744
1
139623220180754
1
139623220180697
0
139623220180719
0
139623220180724
1
139623220180734
1
139623220180744
0
139623220180749
1
139623220180771
1
139623220181112
1
139623220180999
0
139623220181047
1
139623220180338
0
139623220180385
0
139623220180459
0
139623220180466
0
139623220180475
1
139623220180521
0
139623220180523
0
139623220180531
0
139623220180546
1
139623220180523
0
139623220180531
0
139623220180546
1
139623220180523
0
139623220180531
0
139623220180546
1
139623220180523
0
139623220180531
0
139623220180546
1
139623220180523
0
139623220180531
0
139623220180546
1
139623220180523
0
139623220180531
0
139623220180546
1
139623220180523
0
139623220180531
1
139623220180449
0
139623220180459
0
139623220180466
1
139623220180622
0
139623220180719
1
139623220180675
0
139623220180681
0
139623220180697
0
139623220180719
0
139623220180724
0
139623220180729
1
139623220180771
1
139623220181112
1
139623220180999
0
139623220181047
1
139623220180338
0
139623220180385
0
139623220180459
0
139623220180466
0
139623220180475
1
139623220180521
0
139623220180523
0
139623220180531
0
139623220180546
1
139623220180523
0
139623220180531
0
139623220180546
1
139623220180523
0
139623220180531
0
139623220180546
1
139623220180523
0
139623220180531
0
139623220180546
1
139623220180523
0
139623220180531
0
139623220180546
1
139623220180523
0
139623220180531
0
139623220180546
1
139623220180523
0
139623220180531
1
139623220180449
0
139623220180459
0
139623220180466
1
139623220180622
0
139623220180719
1
139623220180675
0
139623220180681
0
139623220180697
0
139623220180719
0
139623220180724
0
139623220180729
1
139623220180771
0
139623220180777
0
139623220180797
1
139623220181112
1
139623220180999
0
139623220181047
1
139623220180338
0
139623220180385
0
139623220180459
0
139623220180466
0
139623220180475
1
139623220180521
0
139623220180523
0
139623220180531
0
139623220180546
1
139623220180523
0
139623220180531
0
139623220180546
1
139623220180523
0
139623220180531
0
139623220180546
1
139623220180523
0
139623220180531
0
139623220180546
1
139623220180523
0
139623220180531
0
139623220180546
1
139623220180523
0
139623220180531
0
139623220180546
1
139623220180523
0
139623220180531
1
139623220180449
0
139623220180459
0
139623220180466
1
139623220180622
0
139623220180719
1
139623220180675
0
139623220180681
1
139623220180771
0
139623220180777
1
139623220181112
1
139623220180999
0
139623220181047
1
139623220180338
0
139623220180385
0
139623220180459
0
139623220180466
0
139623220180475
1
139623220180521
0
139623220180523
0
139623220180531
0
139623220180546
1
139623220180523
0
139623220180531
0
139623220180546
1
139623220180523
0
139623220180531
0
139623220180546
1
139623220180523
0
139623220180531
0
139623220180546
1
139623220180523
0
139623220180531
0
139623220180546
1
139623220180523
0
139623220180531
0
139623220180546
1
139623220180523
0
139623220180531
1
139623220180449
0
139623220180459
0
139623220180466
1
139623220180622
0
139623220180719
1
139623220180675
0
139623220180681
1
139623220180771
0
139623220180777
0
139623220180797
1
139623220181112
1
139623220180999
0
139623220181047
1
139623220180338
0
139623220180385
0
139623220180459
0
139623220180466
0
139623220180475
1
139623220180521
0
139623220180523
0
139623220180531
0
139623220180546
1
139623220180523
0
139623220180531
0
139623220180546
1
139623220180523
0
139623220180531
0
139623220180546
1
139623220180523
0
139623220180531
0
139623220180546
1
139623220180523
0
139623220180531
0
139623220180546
1
139623220180523
0
139623220180531
0
139623220180546
1
139623220180523
0
139623220180531
1
139623220180449
0
139623220180459
0
139623220180466
1
139623220180622
0
139623220180719
1
139623220180675
0
139623220180681
0
139623220180697
0
139623220180719
0
139623220180724
0
139623220180729
0
139623220180734
1
139623220180744
1
139623220180754
1
139623220180697
0
139623220180719
0
139623220180724
1
139623220180734
0
139623220180739
1
139623220180771
1
139623220181112
1
139623220180999
0
139623220181047
1
139623220180338
0
139623220180385
0
139623220180459
0
139623220180466
0
139623220180475
1
139623220180521
0
139623220180523
0
139623220180531
0
139623220180546
1
139623220180523
0
139623220180531
0
139623220180546
1
139623220180523
0
139623220180531
0
139623220180546
1
139623220180523
0
139623220180531
0
139623220180546
1
139623220180523
0
139623220180531
0
139623220180546
1
139623220180523
0
139623220180531
0
139623220180546
1
139623220180523
0
139623220180531
1
139623220180449
0
139623220180459
0
139623220180466
1
139623220180622
0
139623220180719
1
139623220180675
0
139623220180681
0
139623220180697
0
139623220180719
0
139623220180724
0
139623220180729
0
139623220180734
1
139623220180744
1
139623220180754
1
139623220180697
0
139623220180719
0
139623220180724
1
139623220180734
0
139623220180739
1
139623220180771
0
139623220180777
1
139623220181112
1
139623220180999
0
139623220181047
1
139623220180338
0
139623220180385
0
139623220180459
0
139623220180466
0
139623220180475
1
139623220180521
0
139623220180523
0
139623220180531
0
139623220180546
1
139623220180523
0
139623220180531
0
139623220180546
1
139623220180523
0
139623220180531
0
139623220180546
1
139623220180523
0
139623220180531
0
139623220180546
1
139623220180523
0
139623220180531
0
139623220180546
1
139623220180523
0
139623220180531
0
139623220180546
1
139623220180523
0
139623220180531
1
139623220180449
0
139623220180459
0
139623220180466
1
139623220180622
0
139623220180719
1
139623220180675
0
139623220180681
0
139623220180697
0
139623220180719
0
139623220180724
0
139623220180729
0
139623220180734
1
139623220180744
1
139623220180754
1
139623220180697
0
139623220180719
0
139623220180724
1
139623220180734
0
139623220180739
1
139623220180771
0
139623220180777
0
139623220180797
1
139623220181112
1
139623220180999
0
139623220181047
1
139623220180338
0
139623220180385
0
139623220180459
0
139623220180466
0
139623220180475
1
139623220180521
0
139623220180523
0
139623220180531
0
139623220180546
1
139623220180523
0
139623220180531
0
139623220180546
1
139623220180523
0
139623220180531
0
139623220180546
1
139623220180523
0
139623220180531
0
139623220180546
1
139623220180523
0
139623220180531
0
139623220180546
1
139623220180523
0
139623220180531
0
139623220180546
1
139623220180523
0
139623220180531
1
139623220180449
0
139623220180459
0
139623220180466
1
139623220180622
0
139623220180719
1
139623220180675
0
139623220180681
0
139623220180697
0
139623220180719
0
139623220180724
0
139623220180729
0
139623220180734
1
139623220180744
1
139623220180754
1
139623220180697
0
139623220180719
0
139623220180724
1
139623220180734
0
139623220180739
0
139623220180744
1
139623220180754
1
139623220180697
0
139623220180719
0
139623220180724
1
139623220180734
1
139623220180744
0
139623220180749
1
139623220180771
0
139623220180777
1
139623220181112
1
139623220180999
0
139623220181047
1
139623220180338
0
139623220180385
0
139623220180459
0
139623220180466
0
139623220180475
1
139623220180521
0
139623220180523
0
139623220180531
0
139623220180546
1
139623220180523
0
139623220180531
0
139623220180546
1
139623220180523
0
139623220180531
0
139623220180546
1
139623220180523
0
139623220180531
0
139623220180546
1
139623220180523
0
139623220180531
0
139623220180546
1
139623220180523
0
139623220180531
0
139623220180546
1
139623220180523
0
139623220180531
1
139623220180449
0
139623220180459
0
139623220180466
1
139623220180622
0
139623220180719
1
139623220180675
0
139623220180681
0
139623220180697
0
139623220180719
0
139623220180724
0
139623220180729
0
139623220180734
1
139623220180744
1
139623220180754
1
139623220180697
0
139623220180719
0
139623220180724
1
139623220180734
0
139623220180739
0
139623220180744
1
139623220180754
1
139623220180697
0
139623220180719
0
139623220180724
1
139623220180734
1
139623220180744
0
139623220180749
1
139623220180771
0
139623220180777
0
139623220180797
1
139623220181112
1
139623220180999
0
139623220181047
1
139623220180338
0
139623220180385
0
139623220180459
0
139623220180466
0
139623220180475
1
139623220180521
0
139623220180523
0
139623220180531
0
139623220180546
1
139623220180523
0
139623220180531
0
139623220180546
1
139623220180523
0
139623220180531
0
139623220180546
1
139623220180523
0
139623220180531
0
139623220180546
1
139623220180523
0
139623220180531
0
139623220180546
1
139623220180523
0
139623220180531
0
139623220180546
1
139623220180523
0
139623220180531
1
139623220180449
0
139623220180459
0
139623220180466
1
139623220180622
0
139623220180719
1
139623220180675
0
139623220180681
0
139623220180697
0
139623220180719
0
139623220180724
0
139623220180729
0
139623220180734
1
139623220180744
1
139623220180754
1
139623220180697
0
139623220180719
0
139623220180724
1
139623220180734
0
139623220180739
0
139623220180744
1
139623220180754
1
139623220180697
0
139623220180719
0
139623220180724
1
139623220180734
1
139623220180744
0
139623220180749
0
139623220180754
1
139623220180697
1
139623220181112
1
139623220179487
0
139623220179498
0
139623220179508
0
139623220179660
0
139623220179664
1
139623220179587
0
139623220179596
1
139623220179660
0
139623220179664
1
139623220179587
0
139623220179596
1
139623220179660
0
139623220179664
1
139623220179587
1
139623220180084
0
139623220179638
0
139623220179660
0
139623220179664
1
139623220179587
0
139623220179596
0
139623220179602
0
139623220179638
1
139623220179844
0
139623220179854
0
139623220179891
0
139623220179952
0
139623220179956
0
139623220179964
0
139623220179970
0
139623220180003
1
139623220179952
0
139623220179956
0
139623220179964
1
139623220179922
1
139623220180131
0
139623220180141
0
139623220180003
0
139623220180015
0
139623220180026
0
139623220180044
1
139623220179707
0
139623220179711
0
139623220179732
0
139623220179736
0
139623220183356
0
139623220183363
0
139623220183427
0
139623220183436
1
139623220184787
0
139623220326979
0
139623220326988
0
139623220327016
1
139623220326979
0
139623220326988
0
139623220327016
1
139623220183545
1
139623220326979
0
139623220326988
0
139623220327016
1
139623220326979
0
139623220326988
0
139623220327016
1
139623220326979
0
139623220326988
0
139623220327016
1
139623220326979
0
139623220326988
0
139623220327016
1
139623220183743
0
139623220324876
0
139623220324884
0
139623220324897
0
139623220324912
0
139623220324926
1
139623220324944
1
139623220325087
1
139623220324961
1
139623220183828
0
139623220324876
0
139623220324884
0
139623220324897
0
139623220324912
0
139623220324926
1
139623220324944
1
139623220325087
1
139623220324961
1
139623220324876
0
139623220324884
0
139623220324897
0
139623220324912
0
139623220324926
1
139623220324944
1
139623220325087
1
139623220324961
1
139623220324876
0
139623220324884
0
139623220324897
0
139623220324912
0
139623220324926
1
139623220324944
1
139623220325087
1
139623220324961
1
139623220324876
0
139623220324884
0
139623220324897
0
139623220324912
0
139623220324926
1
139623220324944
1
139623220325087
1
139623220324961
1
139623220324876
0
139623220324884
0
139623220324897
0
139623220324912
0
139623220324926
1
139623220324944
1
139623220325087
1
139623220324961
1
139623220326979
1
139623220327016
1
139623220326979
0
139623220326988
1
139623220327016
1
139623220184284
1
139623220184821
1
139623220184397
1
139623220184862
0
139623220184869
1
139623220184907
1
139623220186524
0
139623220184915
0
139623220184930
0
139623220184943
0
139623220184956
0
139623220184977
0
139623220184418
0
139623220184434
1
139623220184463
0
139623220184498
0
139623220184597
0
139623220327278
0
139623220327352
0
139623220327359
0
139623220327366
0
139623220327379
1
139623220327352
0
139623220327359
0
139623220327366
1
139623220327345
0
139623220327352
0
139623220327359
0
139623220327366
1
139623220327345
0
139623220327352
0
139623220327359
0
139623220327366
1
139623220327345
0
139623220327352
1
139623220327299
0
139623220327345
0
139623220327352
1
139623220327299
1
139623220327345
0
139623220327352
1
139623220327299
1
139623220327345
0
139623220327352
1
139623220327299
1
139623220327345
0
139623220327352
1
139623220327299
1
139623220327345
0
139623220327352
1
139623220327299
1
139623220327345
0
139623220327352
1
139623220327299
1
139623220327345
0
139623220327352
1
139623220327299
1
139623220327345
0
139623220327352
1
139623220327299
1
139623220327345
0
139623220327352
1
139623220327299
1
139623220327345
1
139623220327409
0
139623220327467
1
139623220327461
0
139623220327467
1
139623220327461
0
139623220327467
1
139623220327461
0
139623220327467
1
139623220327461
0
139623220327467
1
139623220327461
0
139623220327467
1
139623220327461
0
139623220327467
0
139623220327480
0
139623220327492
1
139623220327524
1
139623220330076
1
139623220330345
0
139623220327461
0
139623220327467
1
139623220327461
0
139623220327467
1
139623220327461
0
139623220327467
1
139623220327461
0
139623220327467
1
139623220327461
0
139623220327467
1
139623220327461
0
139623220327467
1
139623220327461
0
139623220327467
1
139623220327461
0
139623220327467
1
139623220327461
0
139623220327467
1
139623220327461
0
139623220327467
1
139623220327461
0
139623220327467
1
139623220327461
0
139623220327467
1
139623220327461
0
139623220327467
0
139623220327480
0
139623220327492
0
139623220327461
0
139623220327467
0
139623220327480
0
139623220327492
0
139623220327461
1
139623220327547
1
139623220330136
0
139623220330149
1
139623220330162
0
139623220330175
0
139623220330188
0
139623220330204
1
139623220330220
0
139623220330236
1
139623220330252
0
139623220330272
0
139623220330285
0
139623220330297
1
139623220327570
0
139623220327581
0
139623220327595
0
139623220327611
1
139623220327639
0
139623220327653
0
139623220327669
1
139623220327725
0
139623220327741
0
139623220327754
0
139623220327763
1
139623220327800
1
139623220328005
0
139623220328020
0
139623220328073
0
139623220328092
0
139623220328147
0
139623220328156
1
139623220328269
0
139623220328285
0
139623220328291
0
139623220328314
1
139623220328285
0
139623220328291
0
139623220328314
1
139623220328285
0
139623220328291
0
139623220328314
1
139623220328285
0
139623220328291
0
139623220328314
1
139623220328285
0
139623220328291
0
139623220328314
1
139623220328285
0
139623220328291
0
139623220328314
1
139623220328285
0
139623220328291
0
139623220328314
1
139623220328285
0
139623220328291
0
139623220328314
1
139623220328285
0
139623220328291
0
139623220328314
1
139623220328285
0
139623220328291
0
139623220328314
1
139623220328285
0
139623220328291
0
139623220328314
1
139623220328285
0
139623220328291
0
139623220328314
1
139623220328285
0
139623220328291
0
139623220328314
1
139623220328285
0
139623220328291
0
139623220328314
1
139623220328285
0
139623220328291
0
139623220328314
1
139623220328285
0
139623220328291
0
139623220328314
1
139623220328285
0
139623220328291
0
139623220328314
1
139623220328285
0
139623220328291
0
139623220328314
1
139623220328285
0
139623220328291
0
139623220328314
1
139623220328285
0
139623220328291
0
139623220328314
1
139623220328285
0
139623220328291
0
139623220328314
1
139623220328285
0
139623220328291
0
139623220328314
1
139623220328285
0
139623220328291
0
139623220328314
1
139623220328285
0
139623220328291
0
139623220328314
1
139623220328285
0
139623220328291
0
139623220328314
1
139623220328285
0
139623220328291
0
139623220328314
1
139623220328285
0
139623220328291
0
139623220328314
1
139623220328285
0
139623220328291
0
139623220328314
1
139623220328285
0
139623220328291
0
139623220328314
1
139623220328285
0
139623220328291
0
139623220328314
1
139623220328285
0
139623220328291
0
139623220328314
1
139623220328285
0
139623220328291
0
139623220328314
1
139623220328285
0
139623220328291
0
139623220328314
1
139623220328285
0
139623220328291
0
139623220328314
1
139623220328285
0
139623220328291
0
139623220328314
1
139623220328285
0
139623220328291
0
139623220328314
1
139623220328285
0
139623220328291
0
139623220328314
1
139623220328285
0
139623220328291
0
139623220328314
1
139623220328285
0
139623220328291
0
139623220328314
1
139623220328285
0
139623220328291
0
139623220328314
1
139623220328285
0
139623220328291
0
139623220328314
1
139623220328285
0
139623220328291
0
139623220328314
1
139623220328285
0
139623220328291
0
139623220328314
1
139623220328285
0
139623220328291
0
139623220328314
1
139623220328285
0
139623220328291
0
139623220328314
1
139623220328285
0
139623220328291
0
139623220328314
1
139623220328285
0
139623220328291
0
139623220328314
1
139623220328285
0
139623220328291
0
139623220328314
1
139623220328285
0
139623220328291
0
139623220328314
1
139623220328285
0
139623220328291
0
139623220328314
1
139623220328285
0
139623220328291
0
139623220328314
1
139623220328285
0
139623220328291
0
139623220328314
1
139623220328285
0
139623220328291
0
139623220328314
1
139623220328285
0
139623220328291
0
139623220328314
1
139623220328285
0
139623220328291
0
139623220328314
1
139623220328285
0
139623220328291
0
139623220328314
1
139623220328285
0
139623220328291
0
139623220328314
1
139623220328285
0
139623220328291
0
139623220328314
1
139623220328285
0
139623220328291
0
139623220328314
1
139623220328285
0
139623220328291
0
139623220328314
1
139623220328285
0
139623220328291
0
139623220328314
1
139623220328285
0
139623220328291
0
139623220328314
1
139623220328285
0
139623220328291
0
139623220328314
1
139623220328285
0
139623220328291
0
139623220328314
1
139623220328285
0
139623220328291
0
139623220328314
1
139623220328285
0
139623220328291
0
139623220328314
1
139623220328285
0
139623220328291
0
139623220328314
1
139623220328285
0
139623220328291
0
139623220328314
1
139623220328285
0
139623220328291
0
139623220328314
1
139623220328285
0
139623220328291
0
139623220328314
1
139623220328285
0
139623220328291
0
139623220328314
1
139623220328285
0
139623220328291
0
139623220328314
1
139623220328285
0
139623220328291
0
139623220328314
1
139623220328285
0
139623220328291
0
139623220328314
1
139623220328285
0
139623220328291
0
139623220328314
1
139623220328285
0
139623220328291
0
139623220328314
1
139623220328285
0
139623220328291
0
139623220328314
1
139623220328285
0
139623220328291
0
139623220328314
1
139623220328285
0
139623220328291
0
139623220328314
1
139623220328285
0
139623220328291
0
139623220328314
1
139623220328285
0
139623220328291
0
139623220328314
1
139623220328285
0
139623220328291
0
139623220328314
1
139623220328285
0
139623220328291
0
139623220328314
1
139623220328285
0
139623220328291
0
139623220328314
1
139623220328285
0
139623220328291
0
139623220328314
1
139623220328285
0
139623220328291
0
139623220328314
1
139623220328285
0
139623220328291
0
139623220328314
1
139623220328285
0
139623220328291
0
139623220328314
1
139623220328285
0
139623220328291
0
139623220328314
1
139623220328285
0
139623220328291
0
139623220328314
1
139623220328285
0
139623220328291
0
139623220328314
1
139623220328285
0
139623220328291
0
139623220328314
1
139623220328285
0
139623220328291
0
139623220328314
1
139623220328285
0
139623220328291
0
139623220328314
1
139623220328285
0
139623220328291
0
139623220328314
1
139623220328285
0
139623220328291
0
139623220328314
1
139623220328285
0
139623220328291
0
139623220328314
1
139623220328285
0
139623220328291
0
139623220328314
1
139623220328285
0
139623220328291
0
139623220328314
1
139623220328285
0
139623220328291
0
139623220328314
1
139623220328285
0
139623220328291
0
139623220328314
1
139623220328285
0
139623220328291
0
139623220328314
1
139623220328285
0
139623220328291
0
139623220328314
1
139623220328285
0
139623220328291
0
139623220328314
1
139623220328285
0
139623220328291
0
139623220328314
1
139623220328285
0
139623220328291
0
139623220328314
1
139623220328285
0
139623220328291
0
139623220328314
1
139623220328285
0
139623220328291
0
139623220328314
1
139623220328285
0
139623220328291
0
139623220328314
1
139623220328285
0
139623220328291
0
139623220328314
1
139623220328285
0
139623220328291
0
139623220328314
1
139623220328285
0
139623220328291
0
139623220328314
1
139623220328285
0
139623220328291
0
139623220328314
1
139623220328285
0
139623220328291
0
139623220328314
1
139623220328285
0
139623220328291
0
139623220328314
1
139623220328285
0
139623220328291
0
139623220328314
1
139623220328285
0
139623220328291
0
139623220328314
1
139623220328285
0
139623220328291
0
139623220328314
1
139623220328285
0
139623220328291
0
139623220328314
1
139623220328285
0
139623220328291
0
139623220328314
1
139623220328285
0
139623220328291
0
139623220328314
1
139623220328285
0
139623220328291
0
139623220328314
1
139623220328285
0
139623220328291
0
139623220328314
1
139623220328285
0
139623220328291
0
139623220328314
1
139623220328285
0
139623220328291
0
139623220328314
1
139623220328285
0
139623220328291
0
139623220328314
1
139623220328285
0
139623220328291
0
139623220328314
1
139623220328285
0
139623220328291
0
139623220328314
1
139623220328285
0
139623220328291
0
139623220328314
1
139623220328285
0
139623220328291
0
139623220328314
1
139623220328285
0
139623220328291
0
139623220328314
1
139623220328285
0
139623220328291
0
139623220328314
1
139623220328285
0
139623220328291
0
139623220328314
1
139623220328285
0
139623220328291
0
139623220328314
1
139623220328285
0
139623220328291
0
139623220328314
1
139623220328285
0
139623220328291
0
139623220328314
1
139623220328285
0
139623220328291
0
139623220328314
1
139623220328285
0
139623220328291
0
139623220328314
1
139623220328285
0
139623220328291
0
139623220328314
1
139623220328285
0
139623220328291
0
139623220328314
1
139623220328285
0
139623220328291
0
139623220328314
1
139623220328285
0
139623220328291
0
139623220328314
1
139623220328285
0
139623220328291
0
139623220328314
1
139623220328285
0
139623220328291
0
139623220328314
1
139623220328285
0
139623220328291
0
139623220328314
1
139623220328285
0
139623220328291
0
139623220328314
1
139623220328285
0
139623220328291
0
139623220328314
1
139623220328285
0
139623220328291
0
139623220328314
1
139623220328285
0
139623220328291
0
139623220328314
1
139623220328285
0
139623220328291
0
139623220328314
1
139623220328285
0
139623220328291
0
139623220328314
1
139623220328285
0
139623220328291
0
139623220328314
1
139623220328285
0
139623220328291
0
139623220328314
1
139623220328285
0
139623220328291
0
139623220328314
1
139623220328285
0
139623220328291
0
139623220328314
1
139623220328285
0
139623220328291
0
139623220328314
1
139623220328285
0
139623220328291
0
139623220328314
1
139623220328285
0
139623220328291
0
139623220328314
1
139623220328285
0
139623220328291
0
139623220328314
1
139623220328285
0
139623220328291
0
139623220328314
1
139623220328285
0
139623220328291
0
139623220328314
1
139623220328285
0
139623220328291
0
139623220328314
1
139623220328285
0
139623220328291
0
139623220328314
1
139623220328285
0
139623220328291
0
139623220328314
1
139623220328285
0
139623220328291
0
139623220328314
1
139623220328285
0
139623220328291
0
139623220328314
1
139623220328285
0
139623220328291
0
139623220328314
1
139623220328285
0
139623220328291
0
139623220328314
1
139623220328285
0
139623220328291
0
139623220328314
1
139623220328285
0
139623220328291
0
139623220328314
1
139623220328285
0
139623220328291
0
139623220328314
1
139623220328285
0
139623220328291
0
139623220328314
1
139623220328285
0
139623220328291
0
139623220328314
1
139623220328285
0
139623220328291
0
139623220328314
1
139623220328285
0
139623220328291
0
139623220328314
1
139623220328285
0
139623220328291
0
139623220328314
1
139623220328285
0
139623220328291
0
139623220328314
1
139623220328285
0
139623220328291
0
139623220328314
1
139623220328285
0
139623220328291
0
139623220328314
1
139623220328285
0
139623220328291
0
139623220328314
1
139623220328285
0
139623220328291
0
139623220328314
1
139623220328285
0
139623220328291
0
139623220328314
1
139623220328285
0
139623220328291
0
139623220328314
1
139623220328285
0
139623220328291
0
139623220328314
1
139623220328285
0
139623220328291
0
139623220328314
1
139623220328285
0
139623220328291
0
139623220328314
1
139623220328285
0
139623220328291
0
139623220328314
1
139623220328285
0
139623220328291
0
139623220328314
1
139623220328285
0
139623220328291
0
139623220328314
1
139623220328285
0
139623220328291
0
139623220328314
1
139623220328285
0
139623220328291
0
139623220328314
1
139623220328285
0
139623220328291
0
139623220328314
1
139623220328285
0
139623220328291
0
139623220328314
1
139623220328285
0
139623220328291
0
139623220328314
1
139623220328285
0
139623220328291
0
139623220328314
1
139623220328285
0
139623220328291
0
139623220328314
1
139623220328285
0
139623220328291
0
139623220328314
1
139623220328285
0
139623220328291
0
139623220328314
1
139623220328285
0
139623220328291
0
139623220328314
1
139623220328285
0
139623220328291
0
139623220328314
1
139623220328285
0
139623220328291
0
139623220328314
1
139623220328285
0
139623220328291
0
139623220328314
1
139623220328285
0
139623220328291
0
139623220328314
1
139623220328285
0
139623220328291
0
139623220328314
1
139623220328285
0
139623220328291
0
139623220328314
1
139623220328285
0
139623220328291
0
139623220328314
1
139623220328285
0
139623220328291
0
139623220328314
1
139623220328285
0
139623220328291
0
139623220328314
1
139623220328285
0
139623220328291
0
139623220328314
1
139623220328285
0
139623220328291
0
139623220328314
1
139623220328285
0
139623220328291
0
139623220328314
1
139623220328285
0
139623220328291
0
139623220328314
1
139623220328285
0
139623220328291
0
139623220328314
1
139623220328285
0
139623220328291
0
139623220328314
1
139623220328285
0
139623220328291
0
139623220328314
1
139623220328285
0
139623220328291
0
139623220328314
1
139623220328285
0
139623220328291
0
139623220328314
1
139623220328285
0
139623220328291
0
139623220328314
1
139623220328285
0
139623220328291
0
139623220328314
1
139623220328285
0
139623220328291
0
139623220328314
1
139623220328285
0
139623220328291
0
139623220328314
1
139623220328285
0
139623220328291
0
139623220328314
1
139623220328285
0
139623220328291
0
139623220328314
1
139623220328285
0
139623220328291
0
139623220328314
1
139623220328285
0
139623220328291
0
139623220328314
1
139623220328285
0
139623220328291
0
139623220328314
1
139623220328285
0
139623220328291
0
139623220328314
1
139623220328285
0
139623220328291
0
139623220328314
1
139623220328285
0
139623220328291
0
139623220328314
1
139623220328285
0
139623220328291
0
139623220328314
1
139623220328285
0
139623220328291
0
139623220328314
1
139623220328285
0
139623220328291
0
139623220328314
1
139623220328285
0
139623220328291
0
139623220328314
1
139623220328285
0
139623220328291
0
139623220328314
1
139623220328285
0
139623220328291
0
139623220328314
1
139623220328285
0
139623220328291
0
139623220328314
1
139623220328285
0
139623220328291
0
139623220328314
1
139623220328285
0
139623220328291
0
139623220328314
1
139623220328285
0
139623220328291
0
139623220328314
1
139623220328285
0
139623220328291
0
139623220328314
1
139623220328285
0
139623220328291
0
139623220328314
1
139623220328285
0
139623220328291
0
139623220328314
1
139623220328285
0
139623220328291
0
139623220328314
1
139623220328285
0
139623220328291
0
139623220328314
1
139623220328285
0
139623220328291
0
139623220328314
1
139623220328285
0
139623220328291
0
139623220328314
1
139623220328285
0
139623220328291
0
139623220328314
1
139623220328285
0
139623220328291
0
139623220328314
1
139623220328285
0
139623220328291
0
139623220328314
1
139623220328285
0
139623220328291
0
139623220328314
1
139623220328285
0
139623220328291
0
139623220328314
1
139623220328285
0
139623220328291
0
139623220328314
1
139623220328285
0
139623220328291
0
139623220328314
1
139623220328285
0
139623220328291
0
139623220328314
1
139623220328285
0
139623220328291
0
139623220328314
1
139623220328285
0
139623220328291
0
139623220328314
1
139623220328285
0
139623220328291
0
139623220328314
1
139623220328285
0
139623220328291
0
139623220328314
1
139623220328285
0
139623220328291
0
139623220328314
1
139623220328285
0
139623220328291
0
139623220328314
1
139623220328285
0
139623220328291
0
139623220328314
1
139623220328285
0
139623220328291
0
139623220328314
1
139623220328285
0
139623220328291
0
139623220328314
1
139623220328285
0
139623220328291
0
139623220328314
1
139623220328285
0
139623220328291
0
139623220328314
1
139623220328285
0
139623220328291
0
139623220328314
1
139623220328285
0
139623220328291
0
139623220328314
1
139623220328285
0
139623220328291
0
139623220328314
1
139623220328285
0
139623220328291
0
139623220328314
1
139623220328285
0
139623220328291
0
139623220328314
1
139623220328285
0
139623220328291
0
139623220328314
1
139623220328285
0
139623220328291
0
139623220328314
1
139623220328285
0
139623220328291
0
139623220328314
1
139623220328285
0
139623220328291
0
139623220328314
1
139623220328285
0
139623220328291
0
139623220328314
1
139623220328285
0
139623220328291
0
139623220328314
1
139623220328285
0
139623220328291
0
139623220328314
1
139623220328285
0
139623220328291
0
139623220328314
1
139623220328285
0
139623220328291
0
139623220328314
1
139623220328285
0
139623220328291
0
139623220328314
1
139623220328285
0
139623220328291
0
139623220328314
1
139623220328285
0
139623220328291
0
139623220328314
1
139623220328285
0
139623220328291
0
139623220328314
1
139623220328285
0
139623220328291
0
139623220328314
1
139623220328285
0
139623220328291
0
139623220328314
1
139623220328285
0
139623220328291
0
139623220328314
1
139623220328285
0
139623220328291
0
139623220328314
1
139623220328285
0
139623220328291
0
139623220328314
1
139623220328285
0
139623220328291
0
139623220328314
1
139623220328285
0
139623220328291
0
139623220328314
1
139623220328285
0
139623220328291
0
139623220328314
1
139623220328285
0
139623220328291
0
139623220328314
1
139623220328285
0
139623220328291
0
139623220328314
1
139623220328285
0
139623220328291
0
139623220328314
1
139623220328285
0
139623220328291
0
139623220328314
1
139623220328285
0
139623220328291
0
139623220328314
1
139623220328285
0
139623220328291
0
139623220328314
1
139623220328285
0
139623220328291
0
139623220328314
1
139623220328285
0
139623220328291
0
139623220328314
1
139623220328285
0
139623220328291
0
139623220328314
1
139623220328285
0
139623220328291
0
139623220328314
1
139623220328285
0
139623220328291
0
139623220328314
1
139623220328285
0
139623220328291
0
139623220328314
1
139623220328285
0
139623220328291
0
139623220328314
1
139623220328285
0
139623220328291
0
139623220328314
1
139623220328285
0
139623220328291
0
139623220328314
1
139623220328285
0
139623220328291
0
139623220328314
1
139623220328285
0
139623220328291
0
139623220328314
1
139623220328285
0
139623220328291
0
139623220328314
1
139623220328285
0
139623220328291
0
139623220328314
1
139623220328285
0
139623220328291
0
139623220328314
1
139623220328285
0
139623220328291
0
139623220328314
1
139623220328285
0
139623220328291
0
139623220328314
1
139623220328285
0
139623220328291
0
139623220328314
1
139623220328285
0
139623220328291
0
139623220328314
1
139623220328285
0
139623220328291
0
139623220328314
1
139623220328285
0
139623220328291
0
139623220328314
1
139623220328285
0
139623220328291
0
139623220328314
1
139623220328285
0
139623220328291
0
139623220328314
1
139623220328285
0
139623220328291
0
139623220328314
1
139623220328285
0
139623220328291
0
139623220328314
1
139623220328285
0
139623220328291
0
139623220328314
1
139623220328285
0
139623220328291
0
139623220328314
1
139623220328285
0
139623220328291
0
139623220328314
1
139623220328285
0
139623220328291
0
139623220328314
1
139623220328285
0
139623220328291
0
139623220328314
1
139623220328285
0
139623220328291
0
139623220328314
1
139623220328285
0
139623220328291
0
139623220328314
1
139623220328285
0
139623220328291
0
139623220328314
1
139623220328285
0
139623220328291
0
139623220328314
1
139623220328285
0
139623220328291
0
139623220328314
1
139623220328285
0
139623220328291
0
139623220328314
1
139623220328285
0
139623220328291
0
139623220328314
1
139623220328285
0
139623220328291
0
139623220328314
1
139623220328285
0
139623220328291
0
139623220328314
1
139623220328285
0
139623220328291
0
139623220328314
1
139623220328285
0
139623220328291
0
139623220328314
1
139623220328285
0
139623220328291
0
139623220328314
1
139623220328285
0
139623220328291
0
139623220328314
1
139623220328285
0
139623220328291
0
139623220328314
1
139623220328285
0
139623220328291
0
139623220328314
1
139623220328285
0
139623220328291
0
139623220328314
1
139623220328285
0
139623220328291
0
139623220328314
1
139623220328285
0
139623220328291
0
139623220328314
1
139623220328285
0
139623220328291
0
139623220328314
1
139623220328285
0
139623220328291
0
139623220328314
1
139623220328285
0
139623220328291
0
139623220328314
1
139623220328285
0
139623220328291
0
139623220328314
1
139623220328285
0
139623220328291
0
139623220328314
1
139623220328285
0
139623220328291
0
139623220328314
1
139623220328285
0
139623220328291
0
139623220328314
1
139623220328285
0
139623220328291
0
139623220328314
1
139623220328285
0
139623220328291
0
139623220328314
1
139623220328285
0
139623220328291
0
139623220328314
1
139623220328285
0
139623220328291
0
139623220328314
1
139623220328285
0
139623220328291
0
139623220328314
1
139623220328285
0
139623220328291
0
139623220328314
1
139623220328285
0
139623220328291
0
139623220328314
1
139623220328285
0
139623220328291
0
139623220328314
1
139623220328285
0
139623220328291
0
139623220328314
1
139623220328285
0
139623220328291
0
139623220328314
1
139623220328285
0
139623220328291
0
139623220328314
1
139623220328285
0
139623220328291
0
139623220328314
1
139623220328285
0
139623220328291
0
139623220328314
1
139623220328285
0
139623220328291
0
139623220328314
1
139623220328285
0
139623220328291
0
139623220328314
1
139623220328285
0
139623220328291
0
139623220328314
1
139623220328285
0
139623220328291
0
139623220328314
1
139623220328285
0
139623220328291
0
139623220328314
1
139623220328285
0
139623220328291
0
139623220328314
1
139623220328285
0
139623220328291
0
139623220328314
1
139623220328285
0
139623220328291
0
139623220328314
1
139623220328285
0
139623220328291
0
139623220328314
1
139623220328285
0
139623220328291
0
139623220328314
1
139623220328285
0
139623220328291
0
139623220328314
1
139623220328285
0
139623220328291
0
139623220328314
1
139623220328285
0
139623220328291
0
139623220328314
1
139623220328285
0
139623220328291
0
139623220328314
1
139623220328285
0
139623220328291
0
139623220328314
1
139623220328285
0
139623220328291
0
139623220328314
1
139623220328285
0
139623220328291
0
139623220328314
1
139623220328285
0
139623220328291
0
139623220328314
1
139623220328285
0
139623220328291
0
139623220328314
1
139623220328285
0
139623220328291
0
139623220328314
1
139623220328285
0
139623220328291
0
139623220328314
1
139623220328285
0
139623220328291
0
139623220328314
1
139623220328285
0
139623220328291
0
139623220328314
1
139623220328285
0
139623220328291
0
139623220328314
1
139623220328285
0
139623220328291
0
139623220328314
1
139623220328285
0
139623220328291
0
139623220328314
1
139623220328285
0
139623220328291
0
139623220328314
1
139623220328285
0
139623220328291
0
139623220328314
1
139623220328285
0
139623220328291
0
139623220328314
1
139623220328285
0
139623220328291
0
139623220328314
1
139623220328285
0
139623220328291
0
139623220328314
1
139623220328285
0
139623220328291
0
139623220328314
1
139623220328285
0
139623220328291
0
139623220328314
1
139623220328285
0
139623220328291
0
139623220328314
1
139623220328285
0
139623220328291
0
139623220328314
1
139623220328285
0
139623220328291
0
139623220328314
1
139623220328285
0
139623220328291
0
139623220328314
1
139623220328285
0
139623220328291
0
139623220328314
1
139623220328285
0
139623220328291
0
139623220328314
1
139623220328285
0
139623220328291
0
139623220328314
1
139623220328285
0
139623220328291
0
139623220328314
1
139623220328285
0
139623220328291
0
139623220328314
1
139623220328285
0
139623220328291
0
139623220328314
1
139623220328285
0
139623220328291
0
139623220328314
1
139623220328285
0
139623220328291
0
139623220328314
1
139623220328285
0
139623220328291
0
139623220328314
1
139623220328285
0
139623220328291
0
139623220328314
1
139623220328285
0
139623220328291
0
139623220328314
1
139623220328285
0
139623220328291
0
139623220328314
1
139623220328285
0
139623220328291
0
139623220328314
1
139623220328285
0
139623220328291
0
139623220328314
1
139623220328285
0
139623220328291
0
139623220328314
1
139623220328285
0
139623220328291
0
139623220328314
1
139623220328285
0
139623220328291
0
139623220328314
1
139623220328285
0
139623220328291
0
139623220328314
1
139623220328285
0
139623220328291
0
139623220328314
1
139623220328285
0
139623220328291
0
139623220328314
1
139623220328285
0
139623220328291
0
139623220328314
1
139623220328285
0
139623220328291
0
139623220328314
1
139623220328285
0
139623220328291
0
139623220328314
1
139623220328285
0
139623220328291
0
139623220328314
1
139623220328285
0
139623220328291
0
139623220328314
1
139623220328285
0
139623220328291
0
139623220328314
1
139623220328285
0
139623220328291
0
139623220328314
1
139623220328285
0
139623220328291
0
139623220328314
1
139623220328285
0
139623220328291
0
139623220328314
1
139623220328285
0
139623220328291
0
139623220328314
1
139623220328285
0
139623220328291
0
139623220328314
1
139623220328285
0
139623220328291
0
139623220328314
1
139623220328285
0
139623220328291
0
139623220328314
1
139623220328285
0
139623220328291
0
139623220328314
1
139623220328285
0
139623220328291
0
139623220328314
1
139623220328285
0
139623220328291
0
139623220328314
1
139623220328285
0
139623220328291
0
139623220328314
1
139623220328285
0
139623220328291
0
139623220328314
1
139623220328285
0
139623220328291
0
139623220328314
1
139623220328285
0
139623220328291
0
139623220328314
1
139623220328285
0
139623220328291
0
139623220328314
1
139623220328285
0
139623220328291
0
139623220328314
1
139623220328285
0
139623220328291
0
139623220328314
1
139623220328285
0
139623220328291
0
139623220328314
1
139623220328285
0
139623220328291
0
139623220328314
1
139623220328285
0
139623220328291
0
139623220328314
1
139623220328285
0
139623220328291
0
139623220328314
1
139623220328285
0
139623220328291
0
139623220328314
1
139623220328285
0
139623220328291
0
139623220328314
1
139623220328285
0
139623220328291
0
139623220328314
1
139623220328285
0
139623220328291
0
139623220328314
1
139623220328285
0
139623220328291
0
139623220328314
1
139623220328285
0
139623220328291
0
139623220328314
1
139623220328285
0
139623220328291
0
139623220328314
1
139623220328285
0
139623220328291
0
139623220328314
1
139623220328285
0
139623220328291
0
139623220328314
1
139623220328285
0
139623220328291
0
139623220328314
1
139623220328285
0
139623220328291
0
139623220328314
1
139623220328285
0
139623220328291
0
139623220328314
1
139623220328285
0
139623220328291
0
139623220328314
1
139623220328285
0
139623220328291
0
139623220328314
1
139623220328285
0
139623220328291
0
139623220328314
1
139623220328285
0
139623220328291
0
139623220328314
1
139623220328285
0
139623220328291
0
139623220328314
1
139623220328285
0
139623220328291
0
139623220328314
1
139623220328285
0
139623220328291
0
139623220328314
1
139623220328285
0
139623220328291
0
139623220328314
1
139623220328285
0
139623220328291
0
139623220328314
1
139623220328285
0
139623220328291
0
139623220328314
1
139623220328285
0
139623220328291
0
139623220328314
1
139623220328285
0
139623220328291
0
139623220328314
1
139623220328285
0
139623220328291
0
139623220328314
1
139623220328285
0
139623220328291
0
139623220328314
1
139623220328285
0
139623220328291
0
139623220328314
1
139623220328285
0
139623220328291
0
139623220328314
1
139623220328285
0
139623220328291
0
139623220328314
1
139623220328285
0
139623220328291
0
139623220328314
1
139623220328285
0
139623220328291
0
139623220328314
1
139623220328285
0
139623220328291
0
139623220328314
1
139623220328285
0
139623220328291
0
139623220328314
1
139623220328285
0
139623220328291
0
139623220328314
1
139623220328285
0
139623220328291
0
139623220328314
1
139623220328285
0
139623220328291
0
139623220328314
1
139623220328285
0
139623220328291
0
139623220328314
1
139623220328285
0
139623220328291
0
139623220328314
1
139623220328285
0
139623220328291
0
139623220328314
1
139623220328285
0
139623220328291
0
139623220328314
1
139623220328285
0
139623220328291
0
139623220328314
1
139623220328285
0
139623220328291
0
139623220328314
1
139623220328285
0
139623220328291
0
139623220328314
1
139623220328285
0
139623220328291
0
139623220328314
1
139623220328285
0
139623220328291
0
139623220328314
1
139623220328285
0
139623220328291
0
139623220328314
1
139623220328285
0
139623220328291
0
139623220328314
1
139623220328285
0
139623220328291
0
139623220328314
1
139623220328285
0
139623220328291
0
139623220328314
1
139623220328285
0
139623220328291
0
139623220328314
1
139623220328285
0
139623220328291
0
139623220328314
1
139623220328285
0
139623220328291
0
139623220328314
1
139623220328285
0
139623220328291
0
139623220328314
1
139623220328285
0
139623220328291
0
139623220328314
1
139623220328285
0
139623220328291
0
139623220328314
1
139623220328285
0
139623220328291
0
139623220328314
1
139623220328285
0
139623220328291
0
139623220328314
1
139623220328285
0
139623220328291
0
139623220328314
1
139623220328285
0
139623220328291
0
139623220328314
1
139623220328285
0
139623220328291
0
139623220328314
1
139623220328285
0
139623220328291
0
139623220328314
1
139623220328285
0
139623220328291
0
139623220328314
1
139623220328285
0
139623220328291
0
139623220328314
1
139623220328285
0
139623220328291
0
139623220328314
1
139623220328285
0
139623220328291
0
139623220328314
1
139623220328285
0
139623220328291
0
139623220328314
1
139623220328285
0
139623220328291
0
139623220328314
1
139623220328285
0
139623220328291
0
139623220328314
1
139623220328285
0
139623220328291
0
139623220328314
1
139623220328285
0
139623220328291
0
139623220328314
1
139623220328285
0
139623220328291
0
139623220328314
1
139623220328285
0
139623220328291
0
139623220328314
1
139623220328285
0
139623220328291
0
139623220328314
1
139623220328285
0
139623220328291
0
139623220328314
1
139623220328285
0
139623220328291
0
139623220328314
1
139623220328285
0
139623220328291
0
139623220328314
1
139623220328285
0
139623220328291
0
139623220328314
1
139623220328285
0
139623220328291
0
139623220328314
1
139623220328285
0
139623220328291
0
139623220328314
1
139623220328285
0
139623220328291
0
139623220328314
1
139623220328285
0
139623220328291
0
139623220328314
1
139623220328285
0
139623220328291
0
139623220328314
1
139623220328285
0
139623220328291
0
139623220328314
1
139623220328285
0
139623220328291
0
139623220328314
1
139623220328285
0
139623220328291
0
139623220328314
1
139623220328285
0
139623220328291
0
139623220328314
1
139623220328285
0
139623220328291
0
139623220328314
1
139623220328285
0
139623220328291
0
139623220328314
1
139623220328285
0
139623220328291
0
139623220328314
1
139623220328285
0
139623220328291
0
139623220328314
1
139623220328285
0
139623220328291
0
139623220328314
1
139623220328285
0
139623220328291
0
139623220328314
1
139623220328285
0
139623220328291
0
139623220328314
1
139623220328285
0
139623220328291
0
139623220328314
1
139623220328285
0
139623220328291
0
139623220328314
1
139623220328285
0
139623220328291
0
139623220328314
1
139623220328285
0
139623220328291
0
139623220328314
1
139623220328285
0
139623220328291
0
139623220328314
1
139623220328285
0
139623220328291
0
139623220328314
1
139623220328285
0
139623220328291
0
139623220328314
1
139623220328285
0
139623220328291
0
139623220328314
1
139623220328285
0
139623220328291
0
139623220328314
1
139623220328285
0
139623220328291
0
139623220328314
1
139623220328285
0
139623220328291
0
139623220328314
1
139623220328285
0
139623220328291
0
139623220328314
1
139623220328285
0
139623220328291
0
139623220328314
1
139623220328285
0
139623220328291
0
139623220328314
1
139623220328285
0
139623220328291
0
139623220328314
1
139623220328285
0
139623220328291
0
139623220328314
1
139623220328285
0
139623220328291
0
139623220328314
1
139623220328285
0
139623220328291
0
139623220328314
1
139623220328285
0
139623220328291
0
139623220328314
1
139623220328285
0
139623220328291
0
139623220328314
1
139623220328285
0
139623220328291
0
139623220328314
1
139623220328285
0
139623220328291
0
139623220328314
1
139623220328285
0
139623220328291
0
139623220328314
1
139623220328285
0
139623220328291
0
139623220328314
1
139623220328285
0
139623220328291
0
139623220328314
1
139623220328285
0
139623220328291
0
139623220328314
1
139623220328285
0
139623220328291
0
139623220328314
1
139623220328285
0
139623220328291
0
139623220328314
1
139623220328285
0
139623220328291
0
139623220328314
1
139623220328285
0
139623220328291
0
139623220328314
1
139623220328285
0
139623220328291
0
139623220328314
1
139623220328285
0
139623220328291
0
139623220328314
1
139623220328285
0
139623220328291
0
139623220328314
1
139623220328285
0
139623220328291
0
139623220328314
1
139623220328285
0
139623220328291
0
139623220328314
1
139623220328285
0
139623220328291
0
139623220328314
1
139623220328285
0
139623220328291
0
139623220328314
1
139623220328285
0
139623220328291
0
139623220328314
1
139623220328285
0
139623220328291
0
139623220328314
1
139623220328285
0
139623220328291
0
139623220328314
1
139623220328285
0
139623220328291
0
139623220328314
1
139623220328285
0
139623220328291
0
139623220328314
1
139623220328285
0
139623220328291
0
139623220328314
1
139623220328285
0
139623220328291
0
139623220328314
1
139623220328285
0
139623220328291
0
139623220328314
1
139623220328285
0
139623220328291
0
139623220328314
1
139623220328285
0
139623220328291
0
139623220328314
1
139623220328285
0
139623220328291
0
139623220328314
1
139623220328285
0
139623220328291
0
139623220328314
1
139623220328285
0
139623220328291
0
139623220328314
1
139623220328285
0
139623220328291
0
139623220328314
1
139623220328285
0
139623220328291
0
139623220328314
1
139623220328285
0
139623220328291
0
139623220328314
1
139623220328285
0
139623220328291
0
139623220328314
1
139623220328285
0
139623220328291
0
139623220328314
1
139623220328285
0
139623220328291
0
139623220328314
1
139623220328285
0
139623220328291
0
139623220328314
1
139623220328285
0
139623220328291
0
139623220328314
1
139623220328285
0
139623220328291
0
139623220328314
1
139623220328285
0
139623220328291
0
139623220328314
1
139623220328285
0
139623220328291
0
139623220328314
1
139623220328285
0
139623220328291
0
139623220328314
1
139623220328285
0
139623220328291
0
139623220328314
1
139623220328285
0
139623220328291
0
139623220328314
1
139623220328285
0
139623220328291
0
139623220328314
1
139623220328285
0
139623220328291
0
139623220328314
1
139623220328285
0
139623220328291
0
139623220328314
1
139623220328285
0
139623220328291
0
139623220328314
1
139623220328285
0
139623220328291
0
139623220328314
1
139623220328285
0
139623220328291
0
139623220328314
1
139623220328285
0
139623220328291
0
139623220328314
1
139623220328285
0
139623220328291
0
139623220328314
1
139623220328285
0
139623220328291
0
139623220328314
1
139623220328285
0
139623220328291
0
139623220328314
1
139623220328285
0
139623220328291
0
139623220328314
1
139623220328285
0
139623220328291
0
139623220328314
1
139623220328285
0
139623220328291
0
139623220328314
1
139623220328285
0
139623220328291
0
139623220328314
1
139623220328285
0
139623220328291
0
139623220328314
1
139623220328285
0
139623220328291
0
139623220328314
1
139623220328285
0
139623220328291
0
139623220328314
1
139623220328285
0
139623220328291
0
139623220328314
1
139623220328285
0
139623220328291
0
139623220328314
1
139623220328285
0
139623220328291
0
139623220328314
1
139623220328285
0
139623220328291
0
139623220328314
1
139623220328285
0
139623220328291
0
139623220328314
1
139623220328285
0
139623220328291
0
139623220328314
1
139623220328285
0
139623220328291
0
139623220328314
1
139623220328285
0
139623220328291
0
139623220328314
1
139623220328285
0
139623220328291
0
139623220328314
1
139623220328285
0
139623220328291
0
139623220328314
1
139623220328285
0
139623220328291
0
139623220328314
1
139623220328285
0
139623220328291
0
139623220328314
1
139623220328285
0
139623220328291
0
139623220328314
1
139623220328285
0
139623220328291
0
139623220328314
1
139623220328285
0
139623220328291
0
139623220328314
1
139623220328285
0
139623220328291
0
139623220328314
1
139623220328285
0
139623220328291
0
139623220328314
1
139623220328285
0
139623220328291
0
139623220328314
1
139623220328285
0
139623220328291
0
139623220328314
1
139623220328285
0
139623220328291
0
139623220328314
1
139623220328285
0
139623220328291
0
139623220328314
1
139623220328285
0
139623220328291
0
139623220328314
1
139623220328285
0
139623220328291
0
139623220328314
1
139623220328285
0
139623220328291
0
139623220328314
1
139623220328285
0
139623220328291
0
139623220328314
1
139623220328285
0
139623220328291
0
139623220328314
1
139623220328285
0
139623220328291
0
139623220328314
1
139623220328285
0
139623220328291
0
139623220328314
1
139623220328285
0
139623220328291
0
139623220328314
1
139623220328285
0
139623220328291
0
139623220328314
1
139623220328285
0
139623220328291
0
139623220328314
1
139623220328285
0
139623220328291
0
139623220328314
1
139623220328285
0
139623220328291
0
139623220328314
1
139623220328285
0
139623220328291
0
139623220328314
1
139623220328285
0
139623220328291
0
139623220328314
1
139623220328285
0
139623220328291
0
139623220328314
1
139623220328285
0
139623220328291
0
139623220328314
1
139623220328285
0
139623220328291
0
139623220328314
1
139623220328285
0
139623220328291
0
139623220328314
1
139623220328285
0
139623220328291
0
139623220328314
1
139623220328285
0
139623220328291
0
139623220328314
1
139623220328285
0
139623220328291
0
139623220328314
1
139623220328285
0
139623220328291
0
139623220328314
1
139623220328285
0
139623220328291
0
139623220328314
1
139623220328285
0
139623220328291
0
139623220328314
1
139623220328285
0
139623220328291
0
139623220328314
1
139623220328285
0
139623220328291
0
139623220328314
1
139623220328285
0
139623220328291
0
139623220328314
1
139623220328285
0
139623220328291
0
139623220328314
1
139623220328285
0
139623220328291
0
139623220328314
1
139623220328285
0
139623220328291
0
139623220328314
1
139623220328285
0
139623220328291
0
139623220328314
1
139623220328285
0
139623220328291
0
139623220328314
1
139623220328285
0
139623220328291
0
139623220328314
1
139623220328285
0
139623220328291
0
139623220328314
1
139623220328285
0
139623220328291
0
139623220328314
1
139623220328285
0
139623220328291
0
139623220328314
1
139623220328285
0
139623220328291
0
139623220328314
1
139623220328285
0
139623220328291
0
139623220328314
1
139623220328285
0
139623220328291
0
139623220328314
1
139623220328285
0
139623220328291
0
139623220328314
1
139623220328285
0
139623220328291
0
139623220328314
1
139623220328285
0
139623220328291
0
139623220328314
1
139623220328285
0
139623220328291
0
139623220328314
1
139623220328285
0
139623220328291
0
139623220328314
1
139623220328285
0
139623220328291
0
139623220328314
1
139623220328285
0
139623220328291
0
139623220328314
1
139623220328285
0
139623220328291
0
139623220328314
1
139623220328285
0
139623220328291
0
139623220328314
1
139623220328285
0
139623220328291
0
139623220328314
1
139623220328285
0
139623220328291
0
139623220328314
1
139623220328285
0
139623220328291
0
139623220328314
1
139623220328285
0
139623220328291
0
139623220328314
1
139623220328285
0
139623220328291
0
139623220328314
1
139623220328285
0
139623220328291
0
139623220328314
1
139623220328285
0
139623220328291
0
139623220328314
1
139623220328285
0
139623220328291
0
139623220328314
1
139623220328285
0
139623220328291
0
139623220328314
1
139623220328285
0
139623220328291
0
139623220328314
1
139623220328285
0
139623220328291
0
139623220328314
1
139623220328285
0
139623220328291
0
139623220328314
1
139623220328285
0
139623220328291
0
139623220328314
1
139623220328285
0
139623220328291
0
139623220328314
1
139623220328285
0
139623220328291
0
139623220328314
1
139623220328285
0
139623220328291
0
139623220328314
1
139623220328285
0
139623220328291
0
139623220328314
1
139623220328285
0
139623220328291
0
139623220328314
1
139623220328285
0
139623220328291
0
139623220328314
1
139623220328285
0
139623220328291
0
139623220328314
1
139623220328285
0
139623220328291
0
139623220328314
1
139623220328285
0
139623220328291
0
139623220328314
1
139623220328285
0
139623220328291
0
139623220328314
1
139623220328285
0
139623220328291
0
139623220328314
1
139623220328285
0
139623220328291
0
139623220328314
1
139623220328285
0
139623220328291
0
139623220328314
1
139623220328285
0
139623220328291
0
139623220328314
1
139623220328285
0
139623220328291
0
139623220328314
1
139623220328285
0
139623220328291
0
139623220328314
1
139623220328285
0
139623220328291
0
139623220328314
1
139623220328285
0
139623220328291
0
139623220328314
1
139623220328285
0
139623220328291
0
139623220328314
1
139623220328285
0
139623220328291
0
139623220328314
1
139623220328285
0
139623220328291
0
139623220328314
1
139623220328285
0
139623220328291
0
139623220328314
1
139623220328285
0
139623220328291
0
139623220328314
1
139623220328285
0
139623220328291
0
139623220328314
1
139623220328285
0
139623220328291
0
139623220328314
1
139623220328285
0
139623220328291
0
139623220328314
1
139623220328285
0
139623220328291
0
139623220328314
1
139623220328285
0
139623220328291
0
139623220328314
1
139623220328285
0
139623220328291
0
139623220328314
1
139623220328285
0
139623220328291
0
139623220328314
1
139623220328285
0
139623220328291
0
139623220328314
1
139623220328285
0
139623220328291
0
139623220328314
1
139623220328285
0
139623220328291
0
139623220328314
1
139623220328285
0
139623220328291
0
139623220328314
1
139623220328285
0
139623220328291
0
139623220328314
1
139623220328285
0
139623220328291
0
139623220328314
1
139623220328285
0
139623220328291
0
139623220328314
1
139623220328285
0
139623220328291
0
139623220328314
1
139623220328285
0
139623220328291
0
139623220328314
1
139623220328285
0
139623220328291
0
139623220328314
1
139623220328285
0
139623220328291
0
139623220328314
1
139623220328285
0
139623220328291
0
139623220328314
1
139623220328285
0
139623220328291
0
139623220328314
1
139623220328285
0
139623220328291
0
139623220328314
1
139623220328285
0
139623220328291
0
139623220328314
1
139623220328285
0
139623220328291
0
139623220328314
1
139623220328285
0
139623220328291
0
139623220328314
1
139623220328285
0
139623220328291
0
139623220328314
1
139623220328285
0
139623220328291
0
139623220328314
1
139623220328285
0
139623220328291
0
139623220328314
1
139623220328285
0
139623220328291
0
139623220328314
1
139623220328285
0
139623220328291
0
139623220328314
1
139623220328285
0
139623220328291
0
139623220328314
1
139623220328285
0
139623220328291
0
139623220328314
1
139623220328285
0
139623220328291
0
139623220328314
1
139623220328285
0
139623220328291
0
139623220328314
1
139623220328285
0
139623220328291
0
139623220328314
1
139623220328285
0
139623220328291
0
139623220328314
1
139623220328285
0
139623220328291
0
139623220328314
1
139623220328285
0
139623220328291
0
139623220328314
1
139623220328285
0
139623220328291
0
139623220328314
1
139623220328285
0
139623220328291
0
139623220328314
1
139623220328285
0
139623220328291
0
139623220328314
1
139623220328285
0
139623220328291
0
139623220328314
1
139623220328285
0
139623220328291
0
139623220328314
1
139623220328285
0
139623220328291
0
139623220328314
1
139623220328285
0
139623220328291
0
139623220328314
1
139623220328285
0
139623220328291
0
139623220328314
1
139623220328285
0
139623220328291
0
139623220328314
1
139623220328285
0
139623220328291
0
139623220328314
1
139623220328285
0
139623220328291
0
139623220328314
1
139623220328285
0
139623220328291
0
139623220328314
1
139623220328285
0
139623220328291
0
139623220328314
1
139623220328285
0
139623220328291
0
139623220328314
1
139623220328285
0
139623220328291
0
139623220328314
1
139623220328285
0
139623220328291
0
139623220328314
1
139623220328285
0
139623220328291
0
139623220328314
1
139623220328285
0
139623220328291
0
139623220328314
1
139623220328285
0
139623220328291
0
139623220328314
1
139623220328285
0
139623220328291
0
139623220328314
1
139623220328285
0
139623220328291
0
139623220328314
1
139623220328285
0
139623220328291
0
139623220328314
1
139623220328285
0
139623220328291
0
139623220328314
1
139623220328285
0
139623220328291
0
139623220328314
1
139623220328285
0
139623220328291
0
139623220328314
1
139623220328285
0
139623220328291
0
139623220328314
1
139623220328285
0
139623220328291
0
139623220328314
1
139623220328285
0
139623220328291
0
139623220328314
1
139623220328285
0
139623220328291
0
139623220328314
1
139623220328285
0
139623220328291
0
139623220328314
1
139623220328285
0
139623220328291
0
139623220328314
1
139623220328285
0
139623220328291
0
139623220328314
1
139623220328285
0
139623220328291
0
139623220328314
1
139623220328285
0
139623220328291
0
139623220328314
1
139623220328285
0
139623220328291
0
139623220328314
1
139623220328285
0
139623220328291
0
139623220328314
1
139623220328285
0
139623220328291
0
139623220328314
1
139623220328285
0
139623220328291
0
139623220328314
1
139623220328285
0
139623220328291
0
139623220328314
1
139623220328285
0
139623220328291
0
139623220328314
1
139623220328285
0
139623220328291
0
139623220328314
1
139623220328285
0
139623220328291
0
139623220328314
1
139623220328285
0
139623220328291
0
139623220328314
1
139623220328285
0
139623220328291
0
139623220328314
1
139623220328285
0
139623220328291
0
139623220328314
1
139623220328285
0
139623220328291
0
139623220328314
1
139623220328285
0
139623220328291
0
139623220328314
1
139623220328285
0
139623220328291
0
139623220328314
1
139623220328285
0
139623220328291
0
139623220328314
1
139623220328285
0
139623220328291
0
139623220328314
1
139623220328285
0
139623220328291
0
139623220328314
1
139623220328285
0
139623220328291
0
139623220328314
1
139623220328285
0
139623220328291
0
139623220328314
1
139623220328285
0
139623220328291
0
139623220328314
1
139623220328285
0
139623220328291
0
139623220328314
1
139623220328285
0
139623220328291
0
139623220328314
1
139623220328285
0
139623220328291
0
139623220328314
1
139623220328285
0
139623220328291
0
139623220328314
1
139623220328285
0
139623220328291
0
139623220328314
1
139623220328285
0
139623220328291
0
139623220328314
1
139623220328285
0
139623220328291
0
139623220328314
1
139623220328285
0
139623220328291
0
139623220328314
1
139623220328285
0
139623220328291
0
139623220328314
1
139623220328285
0
139623220328291
0
139623220328314
1
139623220328285
0
139623220328291
0
139623220328314
1
139623220328285
0
139623220328291
0
139623220328314
1
139623220328285
0
139623220328291
0
139623220328314
1
139623220328285
0
139623220328291
0
139623220328314
1
139623220328285
0
139623220328291
0
139623220328314
1
139623220328285
0
139623220328291
0
139623220328314
1
139623220328285
0
139623220328291
0
139623220328314
1
139623220328285
0
139623220328291
0
139623220328314
1
139623220328285
0
139623220328291
0
139623220328314
1
139623220328285
0
139623220328291
0
139623220328314
1
139623220328285
0
139623220328291
0
139623220328314
1
139623220328285
0
139623220328291
0
139623220328314
1
139623220328285
0
139623220328291
0
139623220328314
1
139623220328285
0
139623220328291
0
139623220328314
1
139623220328285
0
139623220328291
0
139623220328314
1
139623220328285
0
139623220328291
0
139623220328314
1
139623220328285
0
139623220328291
0
139623220328314
1
139623220328285
0
139623220328291
0
139623220328314
1
139623220328285
0
139623220328291
0
139623220328314
1
139623220328285
0
139623220328291
0
139623220328314
1
139623220328285
0
139623220328291
0
139623220328314
1
139623220328285
0
139623220328291
0
139623220328314
1
139623220328285
0
139623220328291
0
139623220328314
1
139623220328285
0
139623220328291
0
139623220328314
1
139623220328285
0
139623220328291
0
139623220328314
1
139623220328285
0
139623220328291
0
139623220328314
1
139623220328285
0
139623220328291
0
139623220328314
1
139623220328285
0
139623220328291
0
139623220328314
1
139623220328285
0
139623220328291
0
139623220328314
1
139623220328285
0
139623220328291
0
139623220328314
1
139623220328285
0
139623220328291
0
139623220328314
1
139623220328285
0
139623220328291
0
139623220328314
1
139623220328285
0
139623220328291
0
139623220328314
1
139623220328285
0
139623220328291
0
139623220328314
1
139623220328285
0
139623220328291
0
139623220328314
1
139623220328285
0
139623220328291
0
139623220328314
1
139623220328285
0
139623220328291
0
139623220328314
1
139623220328285
0
139623220328291
0
139623220328314
1
139623220328285
0
139623220328291
0
139623220328314
1
139623220328285
0
139623220328291
0
139623220328314
1
139623220328285
0
139623220328291
0
139623220328314
1
139623220328285
0
139623220328291
0
139623220328314
1
139623220328285
0
139623220328291
0
139623220328314
1
139623220328285
0
139623220328291
0
139623220328314
1
139623220328285
0
139623220328291
0
139623220328314
1
139623220328285
0
139623220328291
0
139623220328314
1
139623220328285
0
139623220328291
0
139623220328314
1
139623220328285
0
139623220328291
0
139623220328314
1
139623220328285
0
139623220328291
0
139623220328314
1
139623220328285
0
139623220328291
0
139623220328314
1
139623220328285
0
139623220328291
0
139623220328314
1
139623220328285
0
139623220328291
0
139623220328314
1
139623220328285
0
139623220328291
0
139623220328314
1
139623220328285
0
139623220328291
0
139623220328314
1
139623220328285
0
139623220328291
0
139623220328314
1
139623220328285
0
139623220328291
0
139623220328314
1
139623220328285
0
139623220328291
0
139623220328314
1
139623220328285
0
139623220328291
0
139623220328314
1
139623220328285
0
139623220328291
0
139623220328314
1
139623220328285
0
139623220328291
0
139623220328314
1
139623220328285
0
139623220328291
0
139623220328314
1
139623220328285
0
139623220328291
0
139623220328314
1
139623220328285
0
139623220328291
0
139623220328314
1
139623220328285
0
139623220328291
0
139623220328314
1
139623220328285
0
139623220328291
0
139623220328314
1
139623220328285
0
139623220328291
0
139623220328314
1
139623220328285
0
139623220328291
0
139623220328314
1
139623220328285
0
139623220328291
0
139623220328314
1
139623220328285
0
139623220328291
0
139623220328314
1
139623220328285
0
139623220328291
0
139623220328314
1
139623220328285
0
139623220328291
0
139623220328314
1
139623220328285
0
139623220328291
0
139623220328314
1
139623220328285
0
139623220328291
0
139623220328314
1
139623220328285
0
139623220328291
0
139623220328314
1
139623220328285
0
139623220328291
0
139623220328314
1
139623220328285
0
139623220328291
0
139623220328314
1
139623220328285
0
139623220328291
0
139623220328314
1
139623220328285
0
139623220328291
0
139623220328314
1
139623220328285
0
139623220328291
0
139623220328314
1
139623220328285
0
139623220328291
0
139623220328314
1
139623220328285
0
139623220328291
0
139623220328314
1
139623220328285
0
139623220328291
0
139623220328314
1
139623220328285
0
139623220328291
0
139623220328314
1
139623220328285
0
139623220328291
0
139623220328314
1
139623220328285
0
139623220328291
0
139623220328314
1
139623220328285
0
139623220328291
0
139623220328314
1
139623220328285
0
139623220328291
0
139623220328314
1
139623220328285
0
139623220328291
0
139623220328314
1
139623220328285
0
139623220328291
0
139623220328314
1
139623220328285
0
139623220328291
0
139623220328314
1
139623220328285
0
139623220328291
0
139623220328314
1
139623220328285
0
139623220328291
0
139623220328314
1
139623220328285
0
139623220328291
0
139623220328314
1
139623220328285
0
139623220328291
0
139623220328314
1
139623220328285
0
139623220328291
0
139623220328314
1
139623220328285
0
139623220328291
0
139623220328314
1
139623220328285
0
139623220328291
0
139623220328314
1
139623220328285
0
139623220328291
0
139623220328314
1
139623220328285
0
139623220328291
0
139623220328314
1
139623220328285
0
139623220328291
0
139623220328314
1
139623220328285
0
139623220328291
0
139623220328314
1
139623220328285
0
139623220328291
0
139623220328314
1
139623220328285
0
139623220328291
0
139623220328314
1
139623220328285
0
139623220328291
0
139623220328314
1
139623220328285
0
139623220328291
0
139623220328314
1
139623220328285
0
139623220328291
0
139623220328314
1
139623220328285
0
139623220328291
0
139623220328314
1
139623220328285
0
139623220328291
0
139623220328314
1
139623220328285
0
139623220328291
0
139623220328314
1
139623220328285
0
139623220328291
0
139623220328314
1
139623220328285
0
139623220328291
0
139623220328314
1
139623220328285
0
139623220328291
0
139623220328314
1
139623220328285
0
139623220328291
0
139623220328314
1
139623220328285
0
139623220328291
0
139623220328314
1
139623220328285
0
139623220328291
0
139623220328314
1
139623220328285
0
139623220328291
0
139623220328314
1
139623220328285
0
139623220328291
0
139623220328314
1
139623220328285
0
139623220328291
0
139623220328314
1
139623220328285
0
139623220328291
0
139623220328314
1
139623220328285
0
139623220328291
0
139623220328314
1
139623220328285
0
139623220328291
0
139623220328314
1
139623220328285
0
139623220328291
0
139623220328314
1
139623220328285
0
139623220328291
0
139623220328314
1
139623220328285
0
139623220328291
0
139623220328314
1
139623220328285
0
139623220328291
0
139623220328314
1
139623220328285
0
139623220328291
0
139623220328314
1
139623220328285
0
139623220328291
0
139623220328314
1
139623220328285
0
139623220328291
0
139623220328314
1
139623220328285
0
139623220328291
0
139623220328314
1
139623220328285
0
139623220328291
0
139623220328314
1
139623220328285
0
139623220328291
0
139623220328314
1
139623220328285
0
139623220328291
0
139623220328314
1
139623220328285
0
139623220328291
0
139623220328314
1
139623220328285
0
139623220328291
0
139623220328314
1
139623220328285
0
139623220328291
0
139623220328314
1
139623220328285
0
139623220328291
0
139623220328314
1
139623220328285
0
139623220328291
0
139623220328314
1
139623220328285
0
139623220328291
0
139623220328314
1
139623220328285
0
139623220328291
0
139623220328314
1
139623220328285
0
139623220328291
0
139623220328314
1
139623220328285
0
139623220328291
0
139623220328314
1
139623220328285
0
139623220328291
0
139623220328314
1
139623220328285
0
139623220328291
0
139623220328314
1
139623220328285
0
139623220328291
0
139623220328314
1
139623220328285
0
139623220328291
0
139623220328314
1
139623220328285
0
139623220328291
0
139623220328314
1
139623220328285
0
139623220328291
0
139623220328314
1
139623220328285
0
139623220328291
0
139623220328314
1
139623220328285
0
139623220328291
0
139623220328314
1
139623220328285
0
139623220328291
0
139623220328314
1
139623220328285
0
139623220328291
0
139623220328314
1
139623220328285
0
139623220328291
0
139623220328314
1
139623220328285
0
139623220328291
0
139623220328314
1
139623220328285
0
139623220328291
0
139623220328314
1
139623220328285
0
139623220328291
0
139623220328314
1
139623220328285
0
139623220328291
0
139623220328314
1
139623220328285
0
139623220328291
0
139623220328314
1
139623220328285
0
139623220328291
0
139623220328314
1
139623220328285
0
139623220328291
0
139623220328314
1
139623220328285
0
139623220328291
0
139623220328314
1
139623220328285
0
139623220328291
0
139623220328314
1
139623220328285
0
139623220328291
0
139623220328314
1
139623220328285
0
139623220328291
0
139623220328314
1
139623220328285
0
139623220328291
0
139623220328314
1
139623220328285
0
139623220328291
0
139623220328314
1
139623220328285
0
139623220328291
0
139623220328314
1
139623220328285
0
139623220328291
0
139623220328314
1
139623220328285
0
139623220328291
0
139623220328314
1
139623220328285
0
139623220328291
0
139623220328314
1
139623220328285
0
139623220328291
0
139623220328314
1
139623220328285
0
139623220328291
0
139623220328314
1
139623220328285
0
139623220328291
0
139623220328314
1
139623220328285
0
139623220328291
0
139623220328314
1
139623220328285
0
139623220328291
0
139623220328314
1
139623220328285
0
139623220328291
0
139623220328314
1
139623220328285
0
139623220328291
0
139623220328314
1
139623220328285
0
139623220328291
0
139623220328314
1
139623220328285
0
139623220328291
0
139623220328314
1
139623220328285
0
139623220328291
0
139623220328314
1
139623220328285
0
139623220328291
0
139623220328314
1
139623220328285
0
139623220328291
0
139623220328314
1
139623220328285
0
139623220328291
0
139623220328314
1
139623220328285
0
139623220328291
0
139623220328314
1
139623220328285
0
139623220328291
0
139623220328314
1
139623220328285
0
139623220328291
0
139623220328314
1
139623220328285
0
139623220328291
0
139623220328314
1
139623220328285
0
139623220328291
0
139623220328314
1
139623220328285
0
139623220328291
0
139623220328314
1
139623220328285
0
139623220328291
0
139623220328314
1
139623220328285
0
139623220328291
0
139623220328314
1
139623220328285
0
139623220328291
0
139623220328314
1
139623220328285
0
139623220328291
0
139623220328314
1
139623220328285
0
139623220328291
0
139623220328314
1
139623220328285
0
139623220328291
0
139623220328314
1
139623220328285
0
139623220328291
0
139623220328314
1
139623220328285
0
139623220328291
0
139623220328314
1
139623220328285
0
139623220328291
0
139623220328314
1
139623220328285
0
139623220328291
0
139623220328314
1
139623220328285
0
139623220328291
0
139623220328314
1
139623220328285
0
139623220328291
0
139623220328314
1
139623220328285
0
139623220328291
0
139623220328314
1
139623220328285
0
139623220328291
0
139623220328314
1
139623220328285
0
139623220328291
0
139623220328314
1
139623220328285
0
139623220328291
0
139623220328314
1
139623220328285
0
139623220328291
0
139623220328314
1
139623220328285
0
139623220328291
0
139623220328314
1
139623220328285
0
139623220328291
0
139623220328314
1
139623220328285
0
139623220328291
0
139623220328314
1
139623220328285
0
139623220328291
0
139623220328314
1
139623220328285
0
139623220328291
0
139623220328314
1
139623220328285
0
139623220328291
0
139623220328314
1
139623220328285
0
139623220328291
0
139623220328314
1
139623220328285
0
139623220328291
0
139623220328314
1
139623220328285
0
139623220328291
0
139623220328314
1
139623220328285
0
139623220328291
0
139623220328314
1
139623220328285
0
139623220328291
0
139623220328314
1
139623220328285
0
139623220328291
0
139623220328314
1
139623220328285
0
139623220328291
0
139623220328314
1
139623220328285
0
139623220328291
0
139623220328314
1
139623220328285
0
139623220328291
0
139623220328314
1
139623220328285
0
139623220328291
0
139623220328314
1
139623220328285
0
139623220328291
0
139623220328314
1
139623220328285
0
139623220328291
0
139623220328314
1
139623220328285
0
139623220328291
0
139623220328314
1
139623220328285
0
139623220328291
0
139623220328314
1
139623220328285
0
139623220328291
0
139623220328314
1
139623220328285
0
139623220328291
0
139623220328314
1
139623220328285
0
139623220328291
0
139623220328314
1
139623220328285
0
139623220328291
0
139623220328314
1
139623220328285
0
139623220328291
0
139623220328314
1
139623220328285
0
139623220328291
0
139623220328314
1
139623220328285
0
139623220328291
0
139623220328314
1
139623220328285
0
139623220328291
0
139623220328314
1
139623220328285
0
139623220328291
0
139623220328314
1
139623220328285
0
139623220328291
0
139623220328314
1
139623220328285
0
139623220328291
0
139623220328314
1
139623220328285
0
139623220328291
0
139623220328314
1
139623220328285
0
139623220328291
0
139623220328314
1
139623220328285
0
139623220328291
0
139623220328314
1
139623220328285
0
139623220328291
0
139623220328314
1
139623220328285
0
139623220328291
0
139623220328314
1
139623220328285
0
139623220328291
0
139623220328314
1
139623220328285
0
139623220328291
0
139623220328314
1
139623220328285
0
139623220328291
0
139623220328314
1
139623220328285
0
139623220328291
0
139623220328314
1
139623220328285
0
139623220328291
0
139623220328314
1
139623220328285
0
139623220328291
0
139623220328314
1
139623220328285
0
139623220328291
0
139623220328314
1
139623220328285
0
139623220328291
0
139623220328314
1
139623220328285
0
139623220328291
0
139623220328314
1
139623220328285
0
139623220328291
0
139623220328314
1
139623220328285
0
139623220328291
0
139623220328314
1
139623220328285
0
139623220328291
0
139623220328314
1
139623220328285
0
139623220328291
0
139623220328314
1
139623220328285
0
139623220328291
0
139623220328314
1
139623220328285
0
139623220328291
0
139623220328314
1
139623220328285
0
139623220328291
0
139623220328314
1
139623220328285
0
139623220328291
0
139623220328314
1
139623220328285
0
139623220328291
0
139623220328314
1
139623220328285
0
139623220328291
0
139623220328314
1
139623220328285
0
139623220328291
0
139623220328314
1
139623220328285
0
139623220328291
0
139623220328314
1
139623220328285
0
139623220328291
0
139623220328314
1
139623220328285
0
139623220328291
0
139623220328314
1
139623220328285
0
139623220328291
0
139623220328314
1
139623220328285
0
139623220328291
0
139623220328314
1
139623220328285
0
139623220328291
0
139623220328314
1
139623220328285
0
139623220328291
0
139623220328314
1
139623220328285
0
139623220328291
0
139623220328314
1
139623220328285
0
139623220328291
0
139623220328314
1
139623220328285
0
139623220328291
0
139623220328314
1
139623220328285
0
139623220328291
0
139623220328314
1
139623220328285
0
139623220328291
0
139623220328314
0
139623220328326
1
139623220329549
0
139623220329601
1
139623220330022
0
139623220329735
1
139623220329601
1
139623220330022
1
139623220329735
1
139623220329601
1
139623220330022
1
139623220329735
1
139623220329601
1
139623220330022
1
139623220329735
1
139623220329601
1
139623220330022
1
139623220329735
1
139623220329601
1
139623220330022
1
139623220329735
1
139623220329601
1
139623220330022
1
139623220329735
1
139623220329601
1
139623220330022
1
139623220329735
1
139623220329601
1
139623220330022
1
139623220329735
1
139623220329601
1
139623220330022
1
139623220329735
1
139623220329601
1
139623220330022
1
139623220329735
1
139623220329601
1
139623220330022
1
139623220329735
1
139623220329601
1
139623220330022
1
139623220329735
1
139623220329601
1
139623220330022
1
139623220329735
1
139623220329601
1
139623220330022
1
139623220329735
1
139623220329601
1
139623220330022
1
139623220329735
1
139623220329601
1
139623220330022
1
139623220329735
1
139623220329601
1
139623220330022
1
139623220329735
1
139623220329601
1
139623220330022
1
139623220329735
1
139623220329601
1
139623220330022
1
139623220329735
1
139623220329601
1
139623220330022
1
139623220329735
1
139623220329601
1
139623220330022
1
139623220329735
0
139623220329755
0
139623220329764
0
139623220329812
0
139623220329835
0
139623220329860
0
139623220329873
1
139623220265568
0
139623220265582
1
139623220265683
1
139623220265587
0
139623220265591
1
139623220329799
0
139623220329812
0
139623220329835
0
139623220329860
0
139623220329873
1
139623220511199
1
139623220511241
0
139623220511245
1
139623220511293
0
139623220329799
0
139623220329812
0
139623220329835
0
139623220329860
0
139623220329873
1
139623220265824
0
139623220265838
1
139623220265939
1
139623220265851
0
139623220265855
1
139623220266049
0
139623220266064
1
139623220329799
0
139623220329812
0
139623220329835
0
139623220329860
0
139623220329873
1
139623220264943
0
139623220264952
0
139623220264957
0
139623220264968
0
139623220264972
1
139623220265028
0
139623220329799
0
139623220329812
0
139623220329835
0
139623220329860
0
139623220329873
1
139623220455775
0
139623220455780
0
139623220455784
1
139623220455869
0
139623220329799
0
139623220329812
0
139623220329835
0
139623220329860
0
139623220329873
1
139623220511087
1
139623220511129
0
139623220511133
1
139623220511181
0
139623220329799
0
139623220329812
0
139623220329835
0
139623220329860
0
139623220329873
1
139623220265056
0
139623220265070
1
139623220265171
1
139623220265075
0
139623220265079
1
139623220329799
0
139623220329812
0
139623220329835
0
139623220329860
0
139623220329873
1
139623220456005
1
139623220456035
0
139623220456039
1
139623220456085
0
139623220329799
0
139623220329812
0
139623220329835
0
139623220329860
0
139623220329873
1
139623220266359
1
139623220266375
0
139623220266386
0
139623220266390
1
139623220266445
0
139623220329799
0
139623220329812
0
139623220329835
0
139623220329860
0
139623220329873
1
139623220329799
0
139623220329812
0
139623220329835
0
139623220329860
0
139623220329873
1
139623220329799
0
139623220329812
0
139623220329835
0
139623220329860
0
139623220329873
1
139623220266229
1
139623220266283
0
139623220266287
1
139623220266333
0
139623220329799
0
139623220329812
0
139623220329835
0
139623220329860
0
139623220329873
1
139623220595623
1
139623220595641
0
139623220595653
1
139623220595702
0
139623220329799
0
139623220329812
0
139623220329835
0
139623220329860
0
139623220329873
1
139623220455887
1
139623220455937
0
139623220455941
1
139623220455981
0
139623220329799
0
139623220329812
0
139623220329835
0
139623220329860
0
139623220329873
1
139623220456319
1
139623220456369
0
139623220456373
1
139623220456413
0
139623220329799
0
139623220329812
0
139623220329835
0
139623220329860
0
139623220329873
1
139623220329799
0
139623220329812
0
139623220329835
0
139623220329860
0
139623220329873
1
139623220455655
1
139623220455673
0
139623220455685
1
139623220455734
0
139623220329799
0
139623220329812
0
139623220329835
0
139623220329860
0
139623220329873
1
139623220266119
1
139623220266135
0
139623220266146
0
139623220266150
1
139623220266205
0
139623220329799
0
139623220329812
0
139623220329835
0
139623220329860
0
139623220329873
1
139623220456439
1
139623220456455
0
139623220456466
0
139623220456470
1
139623220456525
0
139623220329799
0
139623220329812
0
139623220329835
0
139623220329860
0
139623220329873
1
139623220265312
0
139623220265326
1
139623220265427
1
139623220265331
0
139623220265335
1
139623220329799
0
139623220329812
0
139623220329835
0
139623220329860
0
139623220329873
1
139623220266471
1
139623220266487
0
139623220266498
0
139623220266502
1
139623220266557
0
139623220329799
0
139623220329812
0
139623220329835
0
139623220329860
0
139623220329873
1
139623220456111
0
139623220456116
0
139623220456120
1
139623220456205
0
139623220329799
1
139623220328728
0
139623220328269
1
139623220328326
1
139623220329549
1
139623220328728
1
139623220320152
0
139623220320204
1
139623220329404
0
139623220187207
0
139623220187613
1
139623220187644
1
139623220187639
0
139623220187644
1
139623220187639
0
139623220187644
1
139623220187639
0
139623220187644
1
139623220187639
0
139623220187644
1
139623220187639
0
139623220187644
1
139623220187639
0
139623220187644
1
139623220187639
0
139623220187644
1
139623220187639
0
139623220187644
0
139623220326979
0
139623220326988
0
139623220327016
1
139623220326979
0
139623220326988
0
139623220327016
1
139623220321567
0
139623220322086
0
139623220322183
0
139623220322225
1
139623220322143
1
139623220322171
1
139623220326979
0
139623220326988
1
139623220327016
1
139623220322320
0
139623220326979
0
139623220326988
1
139623220327016
1
139623220322383
1
139623220322524
0
139623220327084
1
139623220327145
1
139623220327103
0
139623220187814
0
139623220187936
0
139623220326979
0
139623220326988
1
139623220327016
1
139623220324184
1
139623220291000
0
139623220291010
0
139623220324302
0
139623220322807
0
139623220449054
0
139623220449067
1
139623220449246
0
139623220449257
0
139623220449274
1
139623220449348
0
139623220449357
0
139623220449363
0
139623220449376
0
139623220320702
0
139623220320754
0
139623220320924
0
139623220320945
0
139623220320959
0
139623220321020
1
139623220320779
0
139623220320802
0
139623220320811
0
139623220320833
1
139623220280455
0
139623220280467
0
139623220291000
0
139623220291010
1
139623220291159
1
139623220320899
0
139623220320919
0
139623220320924
1
139623220450893
0
139623220450901
1
139623220451006
1
139623220451035
0
139623220451048
1
139623220451061
0
139623220450912
1
139623220450923
0
139623220450932
0
139623220187286
1
139623220187316
1
139623220522518
0
139623220338100
0
139623220326979
0
139623220326988
1
139623220327016
1
139623220326979
0
139623220326988
0
139623220327016
1
139623220326979
0
139623220326988
1
139623220327016
1
139623220447261
0
139623220405255
0
139623220405267
1
139623220405306
0
139623220326979
0
139623220326988
1
139623220327016
1
139623220326979
0
139623220326988
1
139623220327016
1
139623220326979
0
139623220326988
1
139623220327016
1
139623220326979
0
139623220326988
1
139623220327016
1
139623220326979
0
139623220326988
1
139623220327016
1
139623220446644
0
139623220446670
0
139623220338238
0
139623220338254
0
139623220257351
1
139623220257469
0
139623220257482
0
139623220257555
1
139623220257555
1
139623220257555
1
139623220257555
1
139623220257555
1
139623220257555
1
139623220257555
1
139623220257555
1
139623220257555
1
139623220257555
1
139623220257555
1
139623220257555
1
139623220257555
1
139623220257555
1
139623220257555
1
139623220257555
1
139623220257555
1
139623220257555
1
139623220257555
1
139623220257555
1
139623220257555
1
139623220257555
1
139623220257555
1
139623220257555
1
139623220257555
1
139623220257555
1
139623220257555
1
139623220257555
1
139623220257555
1
139623220257555
1
139623220257555
1
139623220257555
1
139623220257555
1
139623220257555
1
139623220257555
1
139623220257555
1
139623220257555
1
139623220257555
1
139623220257555
1
139623220257555
1
139623220257555
1
139623220257555
1
139623220257555
1
139623220257555
1
139623220257555
1
139623220257555
1
139623220257555
1
139623220257555
1
139623220257555
1
139623220257555
1
139623220257555
1
139623220257555
1
139623220257555
1
139623220257555
1
139623220257555
1
139623220257555
1
139623220257555
1
139623220257555
1
139623220257555
1
139623220257555
1
139623220257555
1
139623220257555
1
139623220257555
1
139623220257555
1
139623220257555
1
139623220257555
1
139623220257555
1
139623220257555
1
139623220257555
1
139623220257555
1
139623220257555
1
139623220257555
1
139623220257555
1
139623220257555
1
139623220257555
1
139623220257555
1
139623220257555
1
139623220257555
1
139623220257555
1
139623220257555
1
139623220257555
1
139623220257555
1
139623220257555
1
139623220257555
1
139623220257555
1
139623220257555
1
139623220257555
1
139623220257555
1
139623220257555
1
139623220257555
1
139623220257555
1
139623220257555
1
139623220257555
1
139623220257555
1
139623220257555
1
139623220257555
1
139623220257555
1
139623220257555
1
139623220257555
1
139623220257555
1
139623220257555
1
139623220257555
1
139623220257555
1
139623220257555
1
139623220257555
1
139623220257555
1
139623220257555
1
139623220257555
1
139623220257555
1
139623220257555
1
139623220257555
1
139623220257555
1
139623220257555
1
139623220257555
1
139623220257555
1
139623220257555
1
139623220257555
1
139623220257555
1
139623220257555
1
139623220257555
1
139623220257555
1
139623220257555
1
139623220257555
1
139623220257555
1
139623220257555
1
139623220257555
1
139623220257555
0
139623220326979
0
139623220326988
0
139623220327016
1
139623220326979
0
139623220326988
1
139623220327016
1
139623220326979
0
139623220326988
0
139623220327016
1
139623220326979
0
139623220326988
0
139623220327016
1
139623220326979
0
139623220326988
1
139623220327016
1
139623220326979
0
139623220326988
0
139623220327016
1
139623220326979
0
139623220326988
0
139623220327016
1
139623220326979
0
139623220326988
0
139623220327016
1
139623220326979
0
139623220326988
0
139623220327016
1
139623220326979
0
139623220326988
0
139623220327016
1
139623220326979
0
139623220326988
0
139623220327016
1
139623220326979
0
139623220326988
0
139623220327016
1
139623220257838
0
139623220257854
0
139623220556809
0
139623220556818
0
139623220556823
0
139623220556884
1
139623220556872
0
139623220556884
1
139623220556872
0
139623220556884
1
139623220556872
0
139623220556884
1
139623220556872
0
139623220556884
1
139623220556872
0
139623220556884
1
139623220556872
0
139623220556884
1
139623220556872
0
139623220556884
1
139623220556872
0
139623220556884
1
139623220556872
0
139623220556884
1
139623220556872
1
139623220257923
0
139623220257960
0
139623220257989
1
139623220254861
0
139623220254874
0
139623220254256
1
139623220250195
0
139623220250229
0
139623220250242
0
139623220250258
1
139623220250583
1
139623220251356
1
139623220250739
1
139623220250766
1
139623220251823
1
139623220251925
0
139623220252822
1
139623220252808
0
139623220252822
1
139623220252808
0
139623220252822
0
139623220252843
0
139623220252856
0
139623220252868
1
139623220248028
0
139623220248041
0
139623220248078
0
139623220248087
1
139623220248143
1
139623220248676
0
139623220248708
1
139623220249239
0
139623220317571
1
139623220315649
0
139623220317680
1
139623220317576
0
139623220317578
0
139623220317586
0
139623220315649
0
139623220317595
0
139623220249284
0
139623220249309
0
139623220249323
1
139623220249349
1
139623220248843
0
139623220248852
1
139623220248890
1
139623220248938
0
139623220248951
0
139623220317571
0
139623220317576
0
139623220317578
0
139623220317586
0
139623220315649
0
139623220317595
0
139623220248993
0
139623220249013
0
139623220249527
1
139623220248278
0
139623220248298
0
139623220248364
0
139623220254050
1
139623220240024
0
139623220254469
0
139623220254478
0
139623220254483
1
139623220254714
0
139623220254832
1
139623220254832
1
139623220254832
1
139623220254832
1
139623220254832
1
139623220254832
1
139623220254832
1
139623220254832
1
139623220254832
0
139623220254256
1
139623220250195
0
139623220250229
0
139623220250242
0
139623220250258
0
139623220250294
1
139623220251356
1
139623220250739
0
139623220250766
1
139623220251823
1
139623220251925
0
139623220252822
1
139623220252808
0
139623220252822
1
139623220252808
0
139623220252822
1
139623220252808
0
139623220252822
0
139623220252843
0
139623220252856
1
139623220240024
0
139623220254469
0
139623220254478
0
139623220254483
1
139623220557091
0
139623220280455
0
139623220280467
1
139623220280647
0
139623220280660
0
139623220280676
1
139623220332126
0
139623220307730
0
139623220307748
0
139623220261718
0
139623220261727
0
139623220261741
0
139623220261758
1
139623220254934
0
139623220250195
0
139623220250229
0
139623220250242
0
139623220250258
1
139623220250583
0
139623220250607
1
139623220250709
0
139623220250739
0
139623220250766
1
139623220251823
0
139623220251848
1
139623220251925
0
139623220252822
1
139623220252808
0
139623220252822
0
139623220252843
0
139623220252856
1
139623220240024
0
139623220254979
0
139623220254995
1
139623220255271
1
139623220255466
0
139623220255479
0
139623220255072
0
139623220255099
1
139623220290509
0
139623220290515
1
139623220290567
0
139623220290589
0
139623220290617
0
139623220290658
1
139623220290658
1
139623220290658
1
139623220290658
1
139623220290658
1
139623220290658
1
139623220290658
1
139623220290658
0
139623220556063
0
139623220280455
1
139623220280515
0
139623220280520
0
139623220280526
0
139623220280531
0
139623220280535
1
139623220556185
1
139623220556256
0
139623220556279
1
139623220556605
0
139623220556616
1
139623220556357
1
139623220332169
0
139623220332210
0
139623220332272
1
139623220332243
1
139623220334040
0
139623220334056
0
139623220332265
0
139623220332272
0
139623220332337
1
139623220332272
1
139623220332243
0
139623220332252
0
139623220332265
0
139623220332272
1
139623220332243
0
139623220332252
0
139623220332265
1
139623220332390
0
139623220332417
1
139623220334111
1
139623220334101
0
139623220334111
1
139623220334101
0
139623220334111
1
139623220334101
0
139623220334111
0
139623220334124
0
139623220334136
1
139623220334164
1
139623220334188
0
139623220334206
0
139623220334101
0
139623220334111
1
139623220334101
0
139623220334111
1
139623220334101
0
139623220334111
1
139623220334101
0
139623220334111
1
139623220334101
0
139623220334111
0
139623220334124
0
139623220334136
0
139623220334101
0
139623220334111
0
139623220334124
0
139623220334136
0
139623220334101
0
139623220334111
1
139623220334101
0
139623220334111
0
139623220334124
0
139623220334136
0
139623220334101
1
139623220332435
1
139623220334231
1
139623220332451
1
139623220332469
1
139623220332499
1
139623220332529
0
139623220332544
0
139623220332556
1
139623220332568
0
139623220332584
1
139623220332637
1
139623220569133
0
139623220569146
1
139623220569169
0
139623220332706
0
139623220332729
0
139623220332740
0
139623220449054
0
139623220449067
1
139623220449246
0
139623220449257
0
139623220449274
1
139623220449348
0
139623220449357
0
139623220449363
0
139623220449376
0
139623220555883
0
139623220555898
0
139623220450893
0
139623220450901
1
139623220451006
1
139623220451035
0
139623220451048
1
139623220451061
0
139623220450912
1
139623220450923
0
139623220450932
0
139623220552127
0
139623220552150
0
139623220552182
1
139623220552150
0
139623220552182
1
139623220552150
0
139623220552182
1
139623220552150
0
139623220552182
1
139623220552150
0
139623220552182
1
139623220552150
0
139623220552182
1
139623220552150
0
139623220552182
1
139623220552150
0
139623220552182
1
139623220552150
0
139623220552182
1
139623220552150
0
139623220552182
0
139623220552197
0
139623220552211
0
139623220552239
0
139623220552248
0
139623220549134
0
139623220549139
1
139623220549157
1
139623220549181
1
139623220548968
0
139623220549004
0
139623220549033
0
139623220549086
1
139623220549683
0
139623220549784
1
139623220549767
0
139623220549784
1
139623220549767
0
139623220549784
1
139623220549767
0
139623220549784
0
139623220548525
0
139623220548557
0
139623220548566
0
139623220296204
0
139623220296234
0
139623220548585
0
139623220548602
0
139623220548607
1
139623220549877
0
139623220549570
0
139623220549579
1
139623220549601
0
139623220549609
0
139623220549617
0
139623220552387
0
139623220552412
0
139623220552426
0
139623220552443
0
139623220552458
0
139623220552493
0
139623220552506
0
139623220332877
0
139623220332888
0
139623220332897
0
139623220332920
0
139623220552127
0
139623220552150
0
139623220552182
1
139623220552150
0
139623220552182
1
139623220552150
0
139623220552182
1
139623220552150
0
139623220552182
1
139623220552150
0
139623220552182
1
139623220552150
0
139623220552182
1
139623220552150
0
139623220552182
1
139623220552150
0
139623220552182
1
139623220552150
0
139623220552182
1
139623220552150
1
139623220552794
1
139623220552211
0
139623220552239
0
139623220552248
0
139623220549134
0
139623220549139
1
139623220549157
1
139623220549181
1
139623220548968
0
139623220549004
0
139623220549033
0
139623220549086
1
139623220549683
0
139623220549784
1
139623220549767
0
139623220549784
0
139623220548525
0
139623220548557
0
139623220548566
0
139623220296204
0
139623220296234
0
139623220548585
0
139623220548602
0
139623220548607
1
139623220549877
0
139623220549570
0
139623220549579
1
139623220549601
0
139623220549609
0
139623220549617
0
139623220552387
0
139623220552412
0
139623220552426
0
139623220552443
0
139623220552458
0
139623220552493
0
139623220552506
0
139623220333007
0
139623220333018
0
139623220333027
0
139623220333050
0
139623220552127
0
139623220552150
0
139623220552182
1
139623220552150
0
139623220552182
1
139623220552150
0
139623220552182
1
139623220552150
0
139623220552182
1
139623220552150
0
139623220552182
1
139623220552150
1
139623220552794
1
139623220552211
0
139623220552239
0
139623220552248
0
139623220549134
0
139623220549139
1
139623220549157
1
139623220549181
1
139623220548968
0
139623220549004
0
139623220549033
0
139623220549086
1
139623220549683
0
139623220549784
1
139623220549767
0
139623220549784
1
139623220549767
0
139623220549784
1
139623220549767
0
139623220549784
1
139623220549767
0
139623220549784
1
139623220549767
0
139623220549784
0
139623220548525
0
139623220548557
0
139623220548566
0
139623220296204
0
139623220296234
0
139623220548585
0
139623220548602
0
139623220548607
1
139623220549877
0
139623220549570
0
139623220549579
1
139623220549601
0
139623220549609
0
139623220549617
0
139623220552387
0
139623220552412
0
139623220552426
0
139623220552443
0
139623220552458
0
139623220552493
0
139623220552506
0
139623220333138
0
139623220333149
0
139623220333158
0
139623220333181
0
139623220552127
0
139623220552150
0
139623220552182
1
139623220552150
0
139623220552182
1
139623220552150
0
139623220552182
1
139623220552150
0
139623220552182
1
139623220552150
0
139623220552182
1
139623220552150
0
139623220552182
1
139623220552150
1
139623220552794
1
139623220552211
0
139623220552239
0
139623220552248
0
139623220549134
0
139623220549139
1
139623220549157
1
139623220549181
1
139623220548968
0
139623220549004
0
139623220549033
0
139623220549086
1
139623220549683
0
139623220549784
1
139623220549767
0
139623220549784
0
139623220548525
0
139623220548557
0
139623220548566
0
139623220296204
0
139623220296234
0
139623220548585
0
139623220548602
0
139623220548607
1
139623220549877
0
139623220549570
0
139623220549579
1
139623220549601
0
139623220549609
0
139623220549617
0
139623220552387
0
139623220552412
0
139623220552426
0
139623220552443
0
139623220552458
0
139623220552493
0
139623220552506
0
139623220333270
0
139623220333281
0
139623220333290
0
139623220333313
0
139623220552127
0
139623220552150
0
139623220552182
1
139623220552150
0
139623220552182
1
139623220552150
0
139623220552182
1
139623220552150
0
139623220552182
1
139623220552150
0
139623220552182
1
139623220552150
0
139623220552182
1
139623220552150
0
139623220552182
1
139623220552150
0
139623220552182
1
139623220552150
0
139623220552182
1
139623220552150
1
139623220552794
1
139623220552211
0
139623220552239
0
139623220552248
0
139623220549134
0
139623220549139
1
139623220549157
1
139623220549181
1
139623220548968
0
139623220549004
0
139623220549033
0
139623220549086
1
139623220549683
0
139623220549784
1
139623220549767
0
139623220549784
1
139623220549767
0
139623220549784
1
139623220549767
0
139623220549784
0
139623220548525
0
139623220548557
0
139623220548566
0
139623220296204
0
139623220296234
0
139623220548585
0
139623220548602
0
139623220548607
1
139623220549877
0
139623220549570
0
139623220549579
1
139623220549601
0
139623220549609
0
139623220549617
0
139623220552387
0
139623220552412
0
139623220552426
0
139623220552443
0
139623220552458
0
139623220552493
0
139623220552506
0
139623220333401
0
139623220333412
0
139623220333421
0
139623220333444
0
139623220552127
0
139623220552150
0
139623220552182
1
139623220552150
0
139623220552182
1
139623220552150
0
139623220552182
1
139623220552150
0
139623220552182
1
139623220552150
0
139623220552182
1
139623220552150
0
139623220552182
1
139623220552150
0
139623220552182
1
139623220552150
0
139623220552182
0
139623220552197
0
139623220552211
0
139623220552239
0
139623220552248
0
139623220549134
0
139623220549139
1
139623220549157
1
139623220549181
1
139623220548968
0
139623220549004
0
139623220549033
0
139623220549086
1
139623220549683
0
139623220549784
1
139623220549767
0
139623220549784
0
139623220548525
0
139623220548557
0
139623220548566
0
139623220296204
0
139623220296234
0
139623220548585
0
139623220548602
0
139623220548607
1
139623220549877
0
139623220549570
0
139623220549579
1
139623220549601
0
139623220549609
0
139623220549617
0
139623220552387
0
139623220552412
0
139623220552426
0
139623220552443
0
139623220552458
0
139623220552493
0
139623220552506
0
139623220333524
0
139623220333535
0
139623220333544
0
139623220333572
1
139623220403932
0
139623220403939
0
139623220307730
0
139623220307748
0
139623220403979
0
139623220403988
1
139623220403979
0
139623220403988
1
139623220403979
0
139623220403988
1
139623220403979
0
139623220403988
1
139623220403979
0
139623220403988
1
139623220403979
0
139623220403988
0
139623220495876
0
139623220495890
1
139623220496852
1
139623220497017
1
139623220495922
1
139623220495949
1
139623220404006
1
139623220403979
0
139623220403988
1
139623220403979
0
139623220403988
1
139623220403979
0
139623220403988
1
139623220403979
0
139623220403988
1
139623220403979
0
139623220403988
1
139623220403979
0
139623220403988
1
139623220403979
0
139623220403988
0
139623220495876
0
139623220495890
0
139623220495922
1
139623220495949
1
139623220404006
1
139623220403979
0
139623220403988
1
139623220403979
0
139623220403988
1
139623220403979
0
139623220403988
1
139623220403979
0
139623220403988
1
139623220403979
0
139623220403988
1
139623220403979
0
139623220403988
1
139623220403979
0
139623220403988
1
139623220403979
0
139623220403988
0
139623220495876
0
139623220495890
1
139623220496852
1
139623220497017
1
139623220495922
1
139623220495949
1
139623220404006
1
139623220403979
0
139623220403988
1
139623220403979
0
139623220403988
1
139623220403979
0
139623220403988
1
139623220403979
0
139623220403988
1
139623220403979
0
139623220403988
1
139623220403979
0
139623220403988
1
139623220403979
0
139623220403988
1
139623220403979
0
139623220403988
1
139623220403979
0
139623220403988
1
139623220403979
0
139623220403988
1
139623220403979
0
139623220403988
1
139623220403979
0
139623220403988
1
139623220403979
0
139623220403988
1
139623220403979
0
139623220403988
1
139623220403979
0
139623220403988
1
139623220403979
0
139623220403988
1
139623220403979
0
139623220403988
1
139623220403979
0
139623220403988
1
139623220403979
0
139623220403988
1
139623220403979
0
139623220403988
1
139623220403979
0
139623220403988
1
139623220403979
0
139623220403988
1
139623220403979
0
139623220403988
1
139623220403979
1
139623220404042
0
139623220333641
1
139623220403932
0
139623220403939
0
139623220307730
0
139623220307748
0
139623220403979
0
139623220403988
1
139623220403979
0
139623220403988
1
139623220403979
0
139623220403988
1
139623220403979
0
139623220403988
1
139623220403979
0
139623220403988
1
139623220403979
0
139623220403988
0
139623220495876
0
139623220495890
1
139623220496852
1
139623220497017
1
139623220495922
1
139623220495949
1
139623220404006
1
139623220403979
0
139623220403988
1
139623220403979
0
139623220403988
1
139623220403979
0
139623220403988
1
139623220403979
0
139623220403988
1
139623220403979
0
139623220403988
1
139623220403979
0
139623220403988
1
139623220403979
0
139623220403988
0
139623220495876
0
139623220495890
0
139623220495922
1
139623220495949
1
139623220404006
1
139623220403979
0
139623220403988
1
139623220403979
0
139623220403988
1
139623220403979
0
139623220403988
1
139623220403979
0
139623220403988
1
139623220403979
0
139623220403988
1
139623220403979
0
139623220403988
1
139623220403979
0
139623220403988
1
139623220403979
0
139623220403988
0
139623220495876
0
139623220495890
1
139623220496852
1
139623220497017
1
139623220495922
1
139623220495949
1
139623220404006
1
139623220403979
0
139623220403988
1
139623220403979
0
139623220403988
1
139623220403979
0
139623220403988
1
139623220403979
0
139623220403988
1
139623220403979
0
139623220403988
1
139623220403979
0
139623220403988
1
139623220403979
0
139623220403988
1
139623220403979
0
139623220403988
1
139623220403979
0
139623220403988
1
139623220403979
0
139623220403988
1
139623220403979
0
139623220403988
1
139623220403979
0
139623220403988
1
139623220403979
0
139623220403988
1
139623220403979
0
139623220403988
1
139623220403979
0
139623220403988
1
139623220403979
0
139623220403988
1
139623220403979
0
139623220403988
1
139623220403979
0
139623220403988
1
139623220403979
0
139623220403988
1
139623220403979
0
139623220403988
1
139623220403979
0
139623220403988
1
139623220403979
0
139623220403988
1
139623220403979
0
139623220403988
1
139623220403979
1
139623220404042
0
139623220257923
0
139623220257960
0
139623220257989
0
139623220258002
0
139623220258016
1
139623220254256
1
139623220250195
0
139623220250229
0
139623220250242
0
139623220250258
0
139623220250294
1
139623220251356
1
139623220250739
0
139623220250766
1
139623220251823
1
139623220251925
0
139623220252822
1
139623220252808
0
139623220252822
1
139623220252808
0
139623220252822
1
139623220252808
0
139623220252822
0
139623220252843
0
139623220252856
1
139623220240024
0
139623220254469
0
139623220254478
0
139623220254483
1
139623220537127
0
139623220257923
0
139623220257960
0
139623220257989
0
139623220258002
0
139623220258016
1
139623220254256
1
139623220250195
0
139623220250229
0
139623220250242
0
139623220250258
1
139623220250583
1
139623220251356
1
139623220250739
0
139623220250766
1
139623220251823
1
139623220251925
0
139623220252822
1
139623220252808
0
139623220252822
1
139623220252808
0
139623220252822
1
139623220252808
0
139623220252822
0
139623220252843
0
139623220252856
1
139623220240024
0
139623220254469
0
139623220254478
0
139623220254483
1
139623220537153
0
139623220537246
0
139623220537300
0
139623220537319
1
139623220537300
0
139623220537319
1
139623220537300
0
139623220537319
0
139623220537366
0
139623220537382
1
139623220537709
1
139623220537462
1
139623220403932
0
139623220403939
0
139623220307730
0
139623220307748
0
139623220403979
0
139623220403988
1
139623220403979
0
139623220403988
1
139623220403979
0
139623220403988
1
139623220403979
0
139623220403988
1
139623220403979
0
139623220403988
1
139623220403979
0
139623220403988
0
139623220495876
0
139623220495890
1
139623220496852
1
139623220497017
1
139623220495922
1
139623220495949
1
139623220404006
1
139623220403979
0
139623220403988
1
139623220403979
0
139623220403988
1
139623220403979
0
139623220403988
1
139623220403979
0
139623220403988
1
139623220403979
0
139623220403988
1
139623220403979
0
139623220403988
1
139623220403979
0
139623220403988
0
139623220495876
0
139623220495890
0
139623220495922
1
139623220495949
1
139623220404006
1
139623220403979
0
139623220403988
1
139623220403979
0
139623220403988
1
139623220403979
0
139623220403988
1
139623220403979
0
139623220403988
1
139623220403979
0
139623220403988
1
139623220403979
0
139623220403988
1
139623220403979
0
139623220403988
1
139623220403979
0
139623220403988
0
139623220495876
0
139623220495890
1
139623220496852
1
139623220497017
1
139623220495922
1
139623220495949
1
139623220404006
1
139623220403979
0
139623220403988
1
139623220403979
0
139623220403988
1
139623220403979
0
139623220403988
1
139623220403979
0
139623220403988
1
139623220403979
0
139623220403988
1
139623220403979
0
139623220403988
1
139623220403979
0
139623220403988
1
139623220403979
0
139623220403988
1
139623220403979
0
139623220403988
1
139623220403979
0
139623220403988
1
139623220403979
0
139623220403988
1
139623220403979
0
139623220403988
1
139623220403979
0
139623220403988
1
139623220403979
0
139623220403988
1
139623220403979
0
139623220403988
1
139623220403979
0
139623220403988
1
139623220403979
0
139623220403988
1
139623220403979
0
139623220403988
1
139623220403979
0
139623220403988
1
139623220403979
0
139623220403988
1
139623220403979
0
139623220403988
1
139623220403979
0
139623220403988
1
139623220403979
0
139623220403988
1
139623220403979
1
139623220404042
0
139623220333722
1
139623220403932
0
139623220403939
0
139623220307730
0
139623220307748
0
139623220403979
0
139623220403988
1
139623220403979
0
139623220403988
1
139623220403979
0
139623220403988
1
139623220403979
0
139623220403988
1
139623220403979
0
139623220403988
1
139623220403979
0
139623220403988
0
139623220495876
0
139623220495890
1
139623220496852
1
139623220497017
1
139623220495922
1
139623220495949
1
139623220404006
1
139623220403979
0
139623220403988
1
139623220403979
0
139623220403988
1
139623220403979
0
139623220403988
1
139623220403979
0
139623220403988
1
139623220403979
0
139623220403988
1
139623220403979
0
139623220403988
1
139623220403979
0
139623220403988
0
139623220495876
0
139623220495890
0
139623220495922
1
139623220495949
1
139623220404006
1
139623220403979
0
139623220403988
1
139623220403979
0
139623220403988
1
139623220403979
0
139623220403988
1
139623220403979
0
139623220403988
1
139623220403979
0
139623220403988
1
139623220403979
0
139623220403988
1
139623220403979
0
139623220403988
1
139623220403979
0
139623220403988
0
139623220495876
0
139623220495890
1
139623220496852
1
139623220497017
1
139623220495922
1
139623220495949
1
139623220404006
1
139623220403979
0
139623220403988
1
139623220403979
0
139623220403988
1
139623220403979
0
139623220403988
1
139623220403979
0
139623220403988
1
139623220403979
0
139623220403988
1
139623220403979
0
139623220403988
1
139623220403979
0
139623220403988
1
139623220403979
0
139623220403988
1
139623220403979
0
139623220403988
1
139623220403979
0
139623220403988
1
139623220403979
0
139623220403988
1
139623220403979
0
139623220403988
1
139623220403979
0
139623220403988
1
139623220403979
0
139623220403988
1
139623220403979
0
139623220403988
1
139623220403979
0
139623220403988
1
139623220403979
0
139623220403988
1
139623220403979
0
139623220403988
1
139623220403979
0
139623220403988
1
139623220403979
0
139623220403988
1
139623220403979
0
139623220403988
1
139623220403979
0
139623220403988
1
139623220403979
0
139623220403988
1
139623220403979
1
139623220404042
0
139623220333755
1
139623220403932
0
139623220403939
0
139623220307730
0
139623220307748
0
139623220403979
0
139623220403988
1
139623220403979
0
139623220403988
1
139623220403979
0
139623220403988
1
139623220403979
0
139623220403988
1
139623220403979
0
139623220403988
1
139623220403979
0
139623220403988
0
139623220495876
0
139623220495890
1
139623220496852
1
139623220497017
1
139623220495922
1
139623220495949
1
139623220404006
1
139623220403979
0
139623220403988
1
139623220403979
0
139623220403988
1
139623220403979
0
139623220403988
1
139623220403979
0
139623220403988
1
139623220403979
0
139623220403988
1
139623220403979
0
139623220403988
1
139623220403979
0
139623220403988
0
139623220495876
0
139623220495890
0
139623220495922
1
139623220495949
1
139623220404006
1
139623220403979
0
139623220403988
1
139623220403979
0
139623220403988
1
139623220403979
0
139623220403988
1
139623220403979
0
139623220403988
1
139623220403979
0
139623220403988
1
139623220403979
0
139623220403988
1
139623220403979
0
139623220403988
1
139623220403979
0
139623220403988
0
139623220495876
0
139623220495890
1
139623220496852
1
139623220497017
1
139623220495922
1
139623220495949
1
139623220404006
1
139623220403979
0
139623220403988
1
139623220403979
0
139623220403988
1
139623220403979
0
139623220403988
1
139623220403979
0
139623220403988
1
139623220403979
0
139623220403988
1
139623220403979
0
139623220403988
1
139623220403979
0
139623220403988
1
139623220403979
0
139623220403988
1
139623220403979
0
139623220403988
1
139623220403979
0
139623220403988
1
139623220403979
0
139623220403988
1
139623220403979
0
139623220403988
1
139623220403979
0
139623220403988
1
139623220403979
0
139623220403988
1
139623220403979
0
139623220403988
1
139623220403979
0
139623220403988
1
139623220403979
0
139623220403988
1
139623220403979
0
139623220403988
1
139623220403979
0
139623220403988
1
139623220403979
0
139623220403988
1
139623220403979
0
139623220403988
1
139623220403979
0
139623220403988
1
139623220403979
0
139623220403988
1
139623220403979
1
139623220404042
0
139623220333791
1
139623220333817
0
139623220333822
1
139623220307730
0
139623220307748
0
139623220333875
1
139623220333926
1
139623220333894
1
139623220333916
0
139623220333926
1
139623220333894
1
139623220333916
0
139623220333926
1
139623220333894
1
139623220333916
0
139623220333926
1
139623220333894
1
139623220333916
0
139623220333926
1
139623220333894
1
139623220333916
0
139623220333926
1
139623220333894
1
139623220333916
0
139623220333926
1
139623220333894
1
139623220333916
0
139623220333926
1
139623220333894
1
139623220333916
0
139623220333926
1
139623220333894
1
139623220333916
0
139623220333926
1
139623220333894
1
139623220333916
0
139623220333926
1
139623220333894
1
139623220333916
0
139623220333926
1
139623220333894
1
139623220333916
0
139623220333926
0
139623220333944
1
139623220333926
1
139623220333894
0
139623220333916
1
139623220333949
0
139623220333968
0
139623220326979
0
139623220326988
1
139623220327016
1
139623220527787
0
139623220527792
0
139623220333990
0
139623220529588
0
139623220528244
1
139623220527953
0
139623220528011
1
139623220527974
1
139623220528001
0
139623220528011
1
139623220527974
1
139623220528001
0
139623220528011
1
139623220527974
1
139623220528001
0
139623220528011
1
139623220527974
1
139623220528001
0
139623220528011
1
139623220527974
1
139623220528001
0
139623220528011
1
139623220527974
1
139623220528001
0
139623220528011
1
139623220527974
1
139623220528001
0
139623220528011
1
139623220527974
1
139623220528001
0
139623220528011
1
139623220527974
1
139623220528001
0
139623220528011
1
139623220527974
1
139623220528001
0
139623220528011
0
139623220528029
1
139623220528001
0
139623220528011
1
139623220527974
0
139623220527992
1
139623220528460
0
139623220528492
0
139623220528497
1
139623220528487
0
139623220528492
0
139623220528497
1
139623220528487
0
139623220528492
0
139623220528497
1
139623220528487
0
139623220528492
0
139623220528497
1
139623220528487
0
139623220528492
1
139623220528487
0
139623220528492
1
139623220528487
0
139623220528492
1
139623220528487
0
139623220528492
1
139623220528487
0
139623220528492
1
139623220528487
0
139623220528492
1
139623220528487
0
139623220528492
1
139623220528487
0
139623220528492
1
139623220528487
0
139623220528492
1
139623220528487
0
139623220528492
1
139623220528487
1
139623220528602
0
139623220528620
1
139623220528316
1
139623220528311
0
139623220528316
0
139623220528322
0
139623220528336
1
139623220528394
1
139623220528311
1
139623220257923
0
139623220257960
0
139623220257989
0
139623220258002
0
139623220258016
1
139623220254256
1
139623220250195
0
139623220250229
0
139623220250242
0
139623220250258
1
139623220250583
1
139623220251356
1
139623220250739
0
139623220250766
1
139623220251823
1
139623220251925
0
139623220252822
1
139623220252808
0
139623220252822
1
139623220252808
0
139623220252822
1
139623220252808
0
139623220252822
0
139623220252843
0
139623220252856
1
139623220240024
0
139623220254469
0
139623220254478
0
139623220254483
1
139623220529646
0
139623220529651
0
139623220528244
1
139623220527953
0
139623220528011
1
139623220527974
1
139623220528001
0
139623220528011
1
139623220527974
1
139623220528001
0
139623220528011
1
139623220527974
1
139623220528001
0
139623220528011
1
139623220527974
1
139623220528001
0
139623220528011
1
139623220527974
1
139623220528001
0
139623220528011
1
139623220527974
1
139623220528001
0
139623220528011
1
139623220527974
1
139623220528001
0
139623220528011
1
139623220527974
1
139623220528001
0
139623220528011
1
139623220527974
1
139623220528001
0
139623220528011
1
139623220527974
1
139623220528001
0
139623220528011
0
139623220528029
1
139623220528001
0
139623220528011
1
139623220527974
0
139623220527992
1
139623220528460
0
139623220528492
0
139623220528497
0
139623220528570
0
139623220528575
1
139623220528570
0
139623220528575
1
139623220528570
0
139623220528575
1
139623220528570
0
139623220528575
0
139623220528584
1
139623220528492
1
139623220528487
0
139623220528492
1
139623220528487
0
139623220528492
1
139623220528487
0
139623220528492
1
139623220528487
0
139623220528492
1
139623220528487
0
139623220528492
1
139623220528487
0
139623220528492
1
139623220528487
0
139623220528492
1
139623220528487
0
139623220528492
1
139623220528487
1
139623220528602
0
139623220528620
1
139623220528316
1
139623220528311
0
139623220528316
0
139623220528322
0
139623220528336
1
139623220528394
0
139623220527953
0
139623220528011
1
139623220527974
1
139623220528001
0
139623220528011
1
139623220527974
1
139623220528001
0
139623220528011
1
139623220527974
1
139623220528001
0
139623220528011
0
139623220528029
1
139623220528001
1
139623220528311
1
139623220529683
0
139623220529689
0
139623220528077
0
139623220528102
1
139623220528121
1
139623220528102
1
139623220528121
1
139623220528102
1
139623220528121
1
139623220528102
0
139623220528121
0
139623220528197
1
139623220528077
0
139623220528102
1
139623220528121
1
139623220528102
1
139623220528121
1
139623220528102
0
139623220528121
0
139623220528197
1
139623220528077
0
139623220528102
1
139623220528121
1
139623220528102
0
139623220528121
0
139623220528197
1
139623220528077
0
139623220528102
0
139623220528121
0
139623220528197
0
139623220560234
0
139623220560275
1
139623220317469
0
139623220560306
1
139623220525491
0
139623220525508
0
139623220509138
0
139623220509162
0
139623220509185
0
139623220188459
0
139623220188489
0
139623220188167
0
139623220188193
0
139623220188249
0
139623220188268
1
139623220188502
0
139623220188550
0
139623220187380
0
139623220187424
1
139623220174862
1
139623220187497
0
139623220177282
1
139623220187523
1
139623220177098
0
139623220177138
1
139623220177138
1
139623220177138
0
139623220187523
0
139623220320152
1
139623220320204
0
139623220403558
0
139623220178801
0
139623220176715
0
139623220176724
0
139623220176787
1
139623220176807
1
139623220176787
1
139623220176807
1
139623220176787
1
139623220176807
1
139623220176787
1
139623220176807
1
139623220176787
1
139623220176807
1
139623220176787
1
139623220176807
1
139623220176787
1
139623220176807
1
139623220176787
1
139623220176807
1
139623220176787
1
139623220176807
1
139623220176787
1
139623220176807
1
139623220176787
1
139623220176807
1
139623220176787
1
139623220176807
1
139623220176787
1
139623220176807
1
139623220176787
1
139623220176807
1
139623220176787
1
139623220176807
1
139623220176787
1
139623220176807
1
139623220176787
1
139623220176807
1
139623220176787
1
139623220176807
1
139623220176787
1
139623220176807
1
139623220176787
1
139623220176807
1
139623220176787
1
139623220176807
1
139623220176787
1
139623220176807
1
139623220176787
1
139623220176807
1
139623220176787
1
139623220176807
1
139623220176787
1
139623220176807
1
139623220176787
1
139623220176807
1
139623220176787
1
139623220176807
1
139623220176787
1
139623220176807
1
139623220176787
1
139623220176807
1
139623220176787
1
139623220176807
1
139623220176787
1
139623220176807
1
139623220176787
1
139623220176807
1
139623220176787
1
139623220176807
1
139623220176787
1
139623220176807
1
139623220176787
1
139623220176807
1
139623220176787
1
139623220176807
1
139623220176787
1
139623220176807
1
139623220176787
1
139623220176807
1
139623220176787
1
139623220176807
1
139623220176787
1
139623220176807
1
139623220176787
1
139623220176807
1
139623220176787
1
139623220176807
1
139623220176787
1
139623220176807
1
139623220176787
1
139623220176807
1
139623220176787
1
139623220176807
1
139623220176787
1
139623220176807
1
139623220176787
1
139623220176807
1
139623220176787
1
139623220176807
1
139623220176787
1
139623220176807
1
139623220176787
1
139623220176807
1
139623220176787
1
139623220176807
1
139623220176787
1
139623220176807
1
139623220176787
0
139623220176807
1
139623220176787
1
139623220176807
1
139623220176787
0
139623220176807
1
139623220176787
1
139623220176807
1
139623220176787
0
139623220176807
1
139623220176787
0
139623220176807
1
139623220176787
1
139623220176807
1
139623220176787
1
139623220176807
1
139623220176787
1
139623220176807
1
139623220176787
1
139623220176807
1
139623220176787
1
139623220176807
1
139623220176787
0
139623220176807
0
139623220176812
1
139623220192002
1
139623220211222
0
139623220211242
0
139623220211251
0
139623220211261
1
139623220413174
1
139623220292434
0
139623220292466
0
139623220413269
0
139623220413291
0
139623220413362
1
139623220280455
1
139623220280515
0
139623220280520
1
139623220413352
1
139623220201576
0
139623220201589
0
139623220201610
0
139623220201624
0
139623220201669
0
139623220201707
1
139623220206351
0
139623220204702
0
139623220204711
0
139623220204754
1
139623220191575
1
139623220191852
1
139623220191852
1
139623220191852
0
139623220204885
0
139623220204893
1
139623220205971
0
139623220205980
0
139623220206000
1
139623220205030
1
139623220205634
0
139623220205657
0
139623220205672
1
139623220207534
0
139623220207542
1
139623220205715
1
139623220413269
0
139623220413291
0
139623220413362
1
139623220280455
1
139623220280515
0
139623220280520
0
139623220280526
0
139623220280531
0
139623220280535
0
139623220413352
1
139623220292434
0
139623220292466
0
139623220413269
0
139623220413291
0
139623220413362
1
139623220280455
1
139623220280515
0
139623220280520
0
139623220280526
0
139623220280531
0
139623220280535
1
139623220413352
1
139623220202366
1
139623220201761
0
139623220413221
0
139623220412791
1
139623220412952
0
139623220224181
0
139623220224221
0
139623220224230
1
139623220224421
0
139623220221115
0
139623220221130
1
139623220221219
1
139623220229605
1
139623220229627
1
139623220229665
0
139623220430258
0
139623220430290
0
139623220315021
0
139623220430310
0
139623220430326
1
139623220430485
0
139623220430343
0
139623220257923
0
139623220257960
0
139623220257989
0
139623220258002
0
139623220258016
1
139623220254256
1
139623220250195
0
139623220250229
0
139623220250242
0
139623220250258
1
139623220250583
0
139623220250607
1
139623220250709
0
139623220250739
0
139623220250766
1
139623220251823
0
139623220251848
1
139623220251925
0
139623220252822
1
139623220252808
0
139623220252822
0
139623220252843
0
139623220252856
1
139623220240024
0
139623220254469
0
139623220254478
0
139623220254483
1
139623220430359
0
139623220229534
1
139623220430400
0
139623220229676
1
139623220221232
0
139623220221245
0
139623220221290
0
139623220221301
0
139623220221314
0
139623220218051
0
139623220224442
0
139623220224460
0
139623220224476
0
139623220224481
0
139623220229891
0
139623220230012
1
139623220229951
0
139623220229973
0
139623220221115
0
139623220221130
0
139623220221135
0
139623220221148
0
139623220221158
0
139623220221179
0
139623220221188
0
139623220221193
0
139623220229992
0
139623220230012
1
139623220229951
0
139623220229973
0
139623220221115
0
139623220221130
0
139623220221135
0
139623220221148
0
139623220221158
0
139623220221179
0
139623220221188
0
139623220221193
0
139623220229992
0
139623220230012
1
139623220229951
0
139623220229973
0
139623220221115
0
139623220221130
0
139623220221135
0
139623220221148
0
139623220221158
0
139623220221179
0
139623220221188
0
139623220221193
0
139623220229992
0
139623220230012
1
139623220229951
0
139623220229973
0
139623220221115
0
139623220221130
0
139623220221135
0
139623220221148
0
139623220221158
0
139623220221179
0
139623220221188
0
139623220221193
0
139623220229992
0
139623220230012
1
139623220229951
0
139623220229973
0
139623220221115
0
139623220221130
0
139623220221135
0
139623220221148
0
139623220221158
0
139623220221179
0
139623220221188
0
139623220221193
0
139623220229992
0
139623220230012
1
139623220229951
0
139623220229973
0
139623220221115
0
139623220221130
0
139623220221135
0
139623220221148
0
139623220221158
0
139623220221179
0
139623220221188
0
139623220221193
0
139623220229992
0
139623220230012
1
139623220229951
0
139623220229973
0
139623220221115
0
139623220221130
0
139623220221135
0
139623220221148
0
139623220221158
0
139623220221179
0
139623220221188
0
139623220221193
0
139623220229992
0
139623220230012
1
139623220229951
0
139623220229973
0
139623220221115
0
139623220221130
0
139623220221135
0
139623220221148
0
139623220221158
0
139623220221179
0
139623220221188
0
139623220221193
0
139623220229992
0
139623220230012
1
139623220229951
0
139623220229973
0
139623220221115
0
139623220221130
0
139623220221135
0
139623220221148
0
139623220221158
0
139623220221179
0
139623220221188
0
139623220221193
0
139623220229992
0
139623220230012
1
139623220229951
0
139623220229973
0
139623220221115
0
139623220221130
0
139623220221135
0
139623220221148
0
139623220221158
0
139623220221179
0
139623220221188
0
139623220221193
0
139623220229992
0
139623220230012
1
139623220229951
0
139623220229973
0
139623220221115
0
139623220221130
0
139623220221135
0
139623220221148
0
139623220221158
0
139623220221179
0
139623220221188
0
139623220221193
0
139623220229992
0
139623220230012
1
139623220229951
0
139623220229973
0
139623220221115
0
139623220221130
0
139623220221135
0
139623220221148
0
139623220221158
0
139623220221179
0
139623220221188
0
139623220221193
1
139623220218051
1
139623220216092
1
139623220216243
1
139623220216128
0
139623220224032
0
139623220224097
1
139623220446154
1
139623220446277
0
139623220224064
0
139623220224082
1
139623220224131
1
139623220216159
0
139623220216164
0
139623220216204
1
139623220216317
1
139623220221366
1
139623220229992
0
139623220230012
1
139623220229951
1
139623220412967
1
139623220413028
1
139623220412149
0
139623220412167
0
139623220412172
0
139623220412180
0
139623220412184
0
139623220211357
0
139623220192147
0
139623220188744
0
139623220188761
0
139623220188789
1
139623220188814
0
139623220188827
0
139623220188855
0
139623220188891
0
139623220188901
1
139623220189123
0
139623220177547
0
139623220176561
0
139623220176570
1
139623220176561
0
139623220176570
1
139623220177576
1
139623220177323
0
139623220177337
1
139623220177217
1
139623220177576
0
139623220189152
1
139623220188990
1
139623220188855
1
139623220189258
1
139623220189042
0
139623220189056
0
139623220189063
1
139623220238469
0
139623220232114
0
139623220232119
1
139623220232949
1
139623220232371
0
139623220232400
0
139623220232405
1
139623220232458
0
139623220232472
0
139623220232479
0
139623220232493
0
139623220232275
0
139623220232294
0
139623220232302
0
139623220232354
0
139623220232371
0
139623220232400
0
139623220232405
1
139623220232458
0
139623220232472
0
139623220232479
0
139623220232493
0
139623220232275
0
139623220232294
0
139623220232302
0
139623220232354
0
139623220232371
0
139623220232400
0
139623220232405
1
139623220232458
0
139623220232472
0
139623220232479
0
139623220232493
0
139623220232275
0
139623220232294
0
139623220232302
0
139623220232354
1
139623220232711
0
139623220232721
0
139623220238552
1
139623220232766
0
139623220238469
0
139623220233929
0
139623220233934
1
139623220234787
1
139623220234147
0
139623220234176
0
139623220234181
1
139623220234229
1
139623220234309
1
139623220234020
1
139623220234049
0
139623220234068
0
139623220234076
0
139623220234130
0
139623220234147
0
139623220234176
0
139623220234181
1
139623220234229
1
139623220234309
1
139623220234020
0
139623220234030
1
139623220234350
0
139623220234354
0
139623220234406
0
139623220230525
0
139623220221634
1
139623220221693
0
139623220221702
1
139623220230541
0
139623220230558
1
139623220230654
0
139623220230659
1
139623220217884
0
139623220234431
0
139623220234049
0
139623220234068
0
139623220234076
0
139623220234130
0
139623220234147
0
139623220234176
0
139623220234181
1
139623220234229
1
139623220234309
1
139623220234020
0
139623220234030
0
139623220234049
0
139623220234068
0
139623220234076
0
139623220234130
1
139623220234567
0
139623220234577
0
139623220238552
1
139623220234622
0
